split,xml_file,scene_id,sar_product,polarization,swath,wind_speed,wind_direction,num_ships,vessel_name,vessel_length,is_vessel,confidence,distance_to_shore
train,DB_OPENSAR_VD_1010.xml,DB_OPENSAR_DVD_1010,S1A_IW_SLC__1SDV_20200724T053002_20200724T053032_033592_03E4A8_F5D5,DV,1,5.8,233.6481,2,Ship_1,,True,MEDIUM,9999.99
train,DB_OPENSAR_VD_1010.xml,DB_OPENSAR_DVD_1010,S1A_IW_SLC__1SDV_20200724T053002_20200724T053032_033592_03E4A8_F5D5,DV,1,5.8,233.6481,2,Ship_2,81.08647128,True,HIGH,9999.99
train,DB_OPENSAR_VD_1021.xml,DB_OPENSAR_DVD_1021,S1A_IW_SLC__1SDV_20200724T053002_20200724T053032_033592_03E4A8_F5D5,DV,2,4.8,253.4675,2,Ship_1,79.22458298,True,HIGH,4.98427
train,DB_OPENSAR_VD_1021.xml,DB_OPENSAR_DVD_1021,S1A_IW_SLC__1SDV_20200724T053002_20200724T053032_033592_03E4A8_F5D5,DV,2,4.8,253.4675,2,Ship_2,36.5353498,True,HIGH,2.76776
train,DB_OPENSAR_VD_1036.xml,DB_OPENSAR_DVD_1036,S1A_IW_SLC__1SDV_20200724T053002_20200724T053032_033592_03E4A8_F5D5,DV,2,4.8,255.4528,2,Ship_1,,True,MEDIUM,5.23111
train,DB_OPENSAR_VD_1036.xml,DB_OPENSAR_DVD_1036,S1A_IW_SLC__1SDV_20200724T053002_20200724T053032_033592_03E4A8_F5D5,DV,2,4.8,255.4528,2,Ship_2,81.12053805,True,HIGH,5.24855
test,DB_OPENSAR_VD_104.xml,DB_OPENSAR_DVD_104,S1A_IW_SLC__1SDV_20200126T052956_20200126T053026_030967_038E50_4681,DV,1,1.8,129.6367,5,Ship_1,38.17741089,True,HIGH,9999.99
test,DB_OPENSAR_VD_104.xml,DB_OPENSAR_DVD_104,S1A_IW_SLC__1SDV_20200126T052956_20200126T053026_030967_038E50_4681,DV,1,1.8,129.6367,5,Ship_2,51.69079376,True,HIGH,9999.99
test,DB_OPENSAR_VD_104.xml,DB_OPENSAR_DVD_104,S1A_IW_SLC__1SDV_20200126T052956_20200126T053026_030967_038E50_4681,DV,1,1.8,129.6367,5,Ship_3,81.51376363,True,HIGH,9999.99
test,DB_OPENSAR_VD_104.xml,DB_OPENSAR_DVD_104,S1A_IW_SLC__1SDV_20200126T052956_20200126T053026_030967_038E50_4681,DV,1,1.8,129.6367,5,Ship_4,63.71287667,True,HIGH,9999.99
test,DB_OPENSAR_VD_104.xml,DB_OPENSAR_DVD_104,S1A_IW_SLC__1SDV_20200126T052956_20200126T053026_030967_038E50_4681,DV,1,1.8,129.6367,5,Ship_5,,True,HIGH,9999.99
train,DB_OPENSAR_VD_1071.xml,DB_OPENSAR_DVD_1071,S1A_IW_SLC__1SDV_20200724T053002_20200724T053032_033592_03E4A8_F5D5,DV,3,5.9,253.4637,1,Ship_1,125.6305512,True,HIGH,9999.99
train,DB_OPENSAR_VD_1080.xml,DB_OPENSAR_DVD_1080,S1A_IW_SLC__1SDV_20200724T053002_20200724T053032_033592_03E4A8_F5D5,DV,3,4.9,240.5,1,Ship_1,182.2848297,True,HIGH,9999.99
train,DB_OPENSAR_VD_1091.xml,DB_OPENSAR_DVD_1091,S1A_IW_SLC__1SDV_20200724T053002_20200724T053032_033592_03E4A8_F5D5,DV,3,4.9,250.4216,1,Ship_1,,True,MEDIUM,4.68019
test,DB_OPENSAR_VD_11.xml,DB_OPENSAR_DVD_11,S1A_IW_SLC__1SDV_20200126T052956_20200126T053026_030967_038E50_4681,DV,1,1.5,171.6812,2,Ship_1,190.0,True,HIGH,9999.99
test,DB_OPENSAR_VD_11.xml,DB_OPENSAR_DVD_11,S1A_IW_SLC__1SDV_20200126T052956_20200126T053026_030967_038E50_4681,DV,1,1.5,171.6812,2,Ship_2,201.9434849,True,HIGH,9999.99
train,DB_OPENSAR_VD_1101.xml,DB_OPENSAR_DVD_1101,S1A_IW_SLC__1SDV_20200724T053002_20200724T053032_033592_03E4A8_F5D5,DV,3,5.1,249.4189,2,Ship_1,,True,MEDIUM,5.21989
train,DB_OPENSAR_VD_1101.xml,DB_OPENSAR_DVD_1101,S1A_IW_SLC__1SDV_20200724T053002_20200724T053032_033592_03E4A8_F5D5,DV,3,5.1,249.4189,2,Ship_2,,True,MEDIUM,5.93575
train,DB_OPENSAR_VD_1106.xml,DB_OPENSAR_DVD_1106,S1A_IW_SLC__1SDV_20200724T053002_20200724T053032_033592_03E4A8_F5D5,DV,3,6.1,250.4657,2,Ship_1,,True,MEDIUM,9999.99
train,DB_OPENSAR_VD_1106.xml,DB_OPENSAR_DVD_1106,S1A_IW_SLC__1SDV_20200724T053002_20200724T053032_033592_03E4A8_F5D5,DV,3,6.1,250.4657,2,Ship_2,147.6862222,True,HIGH,9999.99
train,DB_OPENSAR_VD_1113.xml,DB_OPENSAR_DVD_1113,S1A_IW_SLC__1SDV_20200724T053002_20200724T053032_033592_03E4A8_F5D5,DV,3,5.9,247.429,1,Ship_1,147.4833259,True,HIGH,9999.99
train,DB_OPENSAR_VD_1119.xml,DB_OPENSAR_DVD_1119,S1A_IW_SLC__1SDV_20200724T053002_20200724T053032_033592_03E4A8_F5D5,DV,3,5.6,251.4272,2,Ship_1,209.1234623,True,HIGH,9999.99
train,DB_OPENSAR_VD_1119.xml,DB_OPENSAR_DVD_1119,S1A_IW_SLC__1SDV_20200724T053002_20200724T053032_033592_03E4A8_F5D5,DV,3,5.6,251.4272,2,Ship_2,117.4598938,True,HIGH,9.57677
train,DB_OPENSAR_VD_1120.xml,DB_OPENSAR_DVD_1120,S1A_IW_SLC__1SDV_20200724T053002_20200724T053032_033592_03E4A8_F5D5,DV,3,5.7,250.4364,2,Ship_1,192.2448757,True,HIGH,9999.99
train,DB_OPENSAR_VD_1120.xml,DB_OPENSAR_DVD_1120,S1A_IW_SLC__1SDV_20200724T053002_20200724T053032_033592_03E4A8_F5D5,DV,3,5.7,250.4364,2,Ship_2,151.0201048,True,HIGH,9999.99
train,DB_OPENSAR_VD_1124.xml,DB_OPENSAR_DVD_1124,S1A_IW_SLC__1SDV_20200724T053002_20200724T053032_033592_03E4A8_F5D5,DV,3,5.6,249.4254,1,Ship_1,154.1705195,True,HIGH,9999.99
train,DB_OPENSAR_VD_1125.xml,DB_OPENSAR_DVD_1125,S1A_IW_SLC__1SDV_20200724T053002_20200724T053032_033592_03E4A8_F5D5,DV,3,5.4,248.4346,1,Ship_1,147.3811712,True,HIGH,9999.99
train,DB_OPENSAR_VD_1128.xml,DB_OPENSAR_DVD_1128,S1A_IW_SLC__1SDV_20200724T053002_20200724T053032_033592_03E4A8_F5D5,DV,3,6.2,252.4237,1,Ship_1,126.0692535,True,HIGH,9999.99
test,DB_OPENSAR_VD_114.xml,DB_OPENSAR_DVD_114,S1A_IW_SLC__1SDV_20200126T052956_20200126T053026_030967_038E50_4681,DV,2,3.0,43.5207,1,Ship_1,26.80559905,True,HIGH,9999.99
train,DB_OPENSAR_VD_1142.xml,DB_OPENSAR_DVD_1142,S1A_IW_SLC__1SDV_20200724T053002_20200724T053032_033592_03E4A8_F5D5,DV,3,6.5,252.4166,1,Ship_1,165.9721488,True,HIGH,9999.99
train,DB_OPENSAR_VD_1145.xml,DB_OPENSAR_DVD_1145,S1A_IW_SLC__1SDV_20200724T053002_20200724T053032_033592_03E4A8_F5D5,DV,3,6.4,253.4149,3,Ship_1,78.14723305,True,HIGH,9999.99
train,DB_OPENSAR_VD_1145.xml,DB_OPENSAR_DVD_1145,S1A_IW_SLC__1SDV_20200724T053002_20200724T053032_033592_03E4A8_F5D5,DV,3,6.4,253.4149,3,Ship_2,162.1382085,True,HIGH,9999.99
train,DB_OPENSAR_VD_1145.xml,DB_OPENSAR_DVD_1145,S1A_IW_SLC__1SDV_20200724T053002_20200724T053032_033592_03E4A8_F5D5,DV,3,6.4,253.4149,3,Ship_3,165.2258224,True,HIGH,8.85824
train,DB_OPENSAR_VD_1146.xml,DB_OPENSAR_DVD_1146,S1A_IW_SLC__1SDV_20200724T053002_20200724T053032_033592_03E4A8_F5D5,DV,3,5.9,248.424,1,Ship_1,173.8836461,True,HIGH,9999.99
train,DB_OPENSAR_VD_1149.xml,DB_OPENSAR_DVD_1149,S1A_IW_SLC__1SDV_20200724T053002_20200724T053032_033592_03E4A8_F5D5,DV,3,6.2,251.4131,5,Ship_1,,True,MEDIUM,9999.99
train,DB_OPENSAR_VD_1149.xml,DB_OPENSAR_DVD_1149,S1A_IW_SLC__1SDV_20200724T053002_20200724T053032_033592_03E4A8_F5D5,DV,3,6.2,251.4131,5,Ship_2,179.4254218,True,HIGH,9999.99
train,DB_OPENSAR_VD_1149.xml,DB_OPENSAR_DVD_1149,S1A_IW_SLC__1SDV_20200724T053002_20200724T053032_033592_03E4A8_F5D5,DV,3,6.2,251.4131,5,Ship_3,196.9880722,True,HIGH,9999.99
train,DB_OPENSAR_VD_1149.xml,DB_OPENSAR_DVD_1149,S1A_IW_SLC__1SDV_20200724T053002_20200724T053032_033592_03E4A8_F5D5,DV,3,6.2,251.4131,5,Ship_4,185.6340693,True,HIGH,9.18313
train,DB_OPENSAR_VD_1149.xml,DB_OPENSAR_DVD_1149,S1A_IW_SLC__1SDV_20200724T053002_20200724T053032_033592_03E4A8_F5D5,DV,3,6.2,251.4131,5,Ship_5,172.1970694,True,HIGH,7.77803
train,DB_OPENSAR_VD_1156.xml,DB_OPENSAR_DVD_1156,S1A_IW_SLC__1SDV_20200724T053002_20200724T053032_033592_03E4A8_F5D5,DV,3,6.2,252.4105,3,Ship_1,,True,MEDIUM,9999.99
train,DB_OPENSAR_VD_1156.xml,DB_OPENSAR_DVD_1156,S1A_IW_SLC__1SDV_20200724T053002_20200724T053032_033592_03E4A8_F5D5,DV,3,6.2,252.4105,3,Ship_2,195.5708642,True,HIGH,9999.99
train,DB_OPENSAR_VD_1156.xml,DB_OPENSAR_DVD_1156,S1A_IW_SLC__1SDV_20200724T053002_20200724T053032_033592_03E4A8_F5D5,DV,3,6.2,252.4105,3,Ship_3,176.2026438,True,HIGH,9999.99
train,DB_OPENSAR_VD_1158.xml,DB_OPENSAR_DVD_1158,S1A_IW_SLC__1SDV_20200724T053002_20200724T053032_033592_03E4A8_F5D5,DV,3,6.2,252.4087,2,Ship_1,178.8093463,True,HIGH,9.32479
train,DB_OPENSAR_VD_1158.xml,DB_OPENSAR_DVD_1158,S1A_IW_SLC__1SDV_20200724T053002_20200724T053032_033592_03E4A8_F5D5,DV,3,6.2,252.4087,2,Ship_2,179.6242132,True,HIGH,9999.99
train,DB_OPENSAR_VD_1159.xml,DB_OPENSAR_DVD_1159,S1A_IW_SLC__1SDV_20200724T053002_20200724T053032_033592_03E4A8_F5D5,DV,3,6.4,251.4178,2,Ship_1,181.1001809,True,HIGH,9999.99
train,DB_OPENSAR_VD_1159.xml,DB_OPENSAR_DVD_1159,S1A_IW_SLC__1SDV_20200724T053002_20200724T053032_033592_03E4A8_F5D5,DV,3,6.4,251.4178,2,Ship_2,152.1190229,True,HIGH,9999.99
test,DB_OPENSAR_VD_117.xml,DB_OPENSAR_DVD_117,S1A_IW_SLC__1SDV_20200126T052956_20200126T053026_030967_038E50_4681,DV,2,2.0,43.5162,1,Ship_1,,True,LOW,9999.99
train,DB_OPENSAR_VD_1202.xml,DB_OPENSAR_DVD_1202,S1A_IW_SLC__1SDV_20200824T052155_20200824T052225_034044_03F3B6_EA99,DV,3,7.2,227.5514,1,Ship_1,29.24952708,True,HIGH,9999.99
train,DB_OPENSAR_VD_1205.xml,DB_OPENSAR_DVD_1205,S1A_IW_SLC__1SDV_20200824T052155_20200824T052225_034044_03F3B6_EA99,DV,3,6.8,226.5504,1,Ship_1,135.4477235,True,HIGH,9999.99
train,DB_OPENSAR_VD_1212.xml,DB_OPENSAR_DVD_1212,S1A_IW_SLC__1SDV_20200824T052155_20200824T052225_034044_03F3B6_EA99,DV,3,7.0,233.5198,2,Ship_1,,True,MEDIUM,9999.99
train,DB_OPENSAR_VD_1212.xml,DB_OPENSAR_DVD_1212,S1A_IW_SLC__1SDV_20200824T052155_20200824T052225_034044_03F3B6_EA99,DV,3,7.0,233.5198,2,Ship_2,,True,MEDIUM,9999.99
train,DB_OPENSAR_VD_1213.xml,DB_OPENSAR_DVD_1213,S1A_IW_SLC__1SDV_20200824T052155_20200824T052225_034044_03F3B6_EA99,DV,3,6.7,226.5402,3,Ship_1,,False,HIGH,9999.99
train,DB_OPENSAR_VD_1213.xml,DB_OPENSAR_DVD_1213,S1A_IW_SLC__1SDV_20200824T052155_20200824T052225_034044_03F3B6_EA99,DV,3,6.7,226.5402,3,Ship_2,35.64462164,True,HIGH,9999.99
train,DB_OPENSAR_VD_1213.xml,DB_OPENSAR_DVD_1213,S1A_IW_SLC__1SDV_20200824T052155_20200824T052225_034044_03F3B6_EA99,DV,3,6.7,226.5402,3,Ship_3,33.98027131,False,HIGH,9999.99
test,DB_OPENSAR_VD_122.xml,DB_OPENSAR_DVD_122,S1A_IW_SLC__1SDV_20200126T052956_20200126T053026_030967_038E50_4681,DV,2,1.8,29.4815,2,Ship_1,,True,MEDIUM,4.17803
test,DB_OPENSAR_VD_122.xml,DB_OPENSAR_DVD_122,S1A_IW_SLC__1SDV_20200126T052956_20200126T053026_030967_038E50_4681,DV,2,1.8,29.4815,2,Ship_2,42.91944658,True,MEDIUM,4.18261
train,DB_OPENSAR_VD_1221.xml,DB_OPENSAR_DVD_1221,S1A_IW_SLC__1SDV_20200824T052155_20200824T052225_034044_03F3B6_EA99,DV,3,6.6,237.5034,6,Ship_1,,False,HIGH,4.1404
train,DB_OPENSAR_VD_1221.xml,DB_OPENSAR_DVD_1221,S1A_IW_SLC__1SDV_20200824T052155_20200824T052225_034044_03F3B6_EA99,DV,3,6.6,237.5034,6,Ship_2,,False,HIGH,5.173
train,DB_OPENSAR_VD_1221.xml,DB_OPENSAR_DVD_1221,S1A_IW_SLC__1SDV_20200824T052155_20200824T052225_034044_03F3B6_EA99,DV,3,6.6,237.5034,6,Ship_3,,False,HIGH,7.25414
train,DB_OPENSAR_VD_1221.xml,DB_OPENSAR_DVD_1221,S1A_IW_SLC__1SDV_20200824T052155_20200824T052225_034044_03F3B6_EA99,DV,3,6.6,237.5034,6,Ship_4,65.04851876,False,HIGH,3.55641
train,DB_OPENSAR_VD_1221.xml,DB_OPENSAR_DVD_1221,S1A_IW_SLC__1SDV_20200824T052155_20200824T052225_034044_03F3B6_EA99,DV,3,6.6,237.5034,6,Ship_5,50.43467828,True,HIGH,4.95358
train,DB_OPENSAR_VD_1221.xml,DB_OPENSAR_DVD_1221,S1A_IW_SLC__1SDV_20200824T052155_20200824T052225_034044_03F3B6_EA99,DV,3,6.6,237.5034,6,Ship_6,45.97223029,True,HIGH,4.40264
train,DB_OPENSAR_VD_1249.xml,DB_OPENSAR_DVD_1249,S1A_IW_SLC__1SDV_20200824T052155_20200824T052225_034044_03F3B6_EA99,DV,3,5.4,219.5387,1,Ship_1,,True,MEDIUM,9999.99
train,DB_OPENSAR_VD_1257.xml,DB_OPENSAR_DVD_1257,S1A_IW_SLC__1SDV_20200824T052155_20200824T052225_034044_03F3B6_EA99,DV,3,6.8,235.4948,2,Ship_1,,True,MEDIUM,9999.99
train,DB_OPENSAR_VD_1257.xml,DB_OPENSAR_DVD_1257,S1A_IW_SLC__1SDV_20200824T052155_20200824T052225_034044_03F3B6_EA99,DV,3,6.8,235.4948,2,Ship_2,,True,MEDIUM,9999.99
test,DB_OPENSAR_VD_126.xml,DB_OPENSAR_DVD_126,S1A_IW_SLC__1SDV_20200126T052956_20200126T053026_030967_038E50_4681,DV,2,2.1,29.4747,1,Ship_1,134.4,True,HIGH,1.06553
train,DB_OPENSAR_VD_1289.xml,DB_OPENSAR_DVD_1289,S1A_IW_SLC__1SDV_20200824T052155_20200824T052225_034044_03F3B6_EA99,DV,3,6.6,237.4856,2,Ship_1,206.674257,True,HIGH,9999.99
train,DB_OPENSAR_VD_1289.xml,DB_OPENSAR_DVD_1289,S1A_IW_SLC__1SDV_20200824T052155_20200824T052225_034044_03F3B6_EA99,DV,3,6.6,237.4856,2,Ship_2,56.06938899,True,HIGH,9999.99
train,DB_OPENSAR_VD_1307.xml,DB_OPENSAR_DVD_1307,S1A_IW_SLC__1SDV_20200910T053004_20200910T053034_034292_03FC65_1F7A,DV,1,4.1,226.6783,1,Ship_1,160.6659392,True,HIGH,9999.99
train,DB_OPENSAR_VD_1321.xml,DB_OPENSAR_DVD_1321,S1A_IW_SLC__1SDV_20200910T053004_20200910T053034_034292_03FC65_1F7A,DV,1,4.1,228.6738,2,Ship_1,62.72657551,True,HIGH,9999.99
train,DB_OPENSAR_VD_1321.xml,DB_OPENSAR_DVD_1321,S1A_IW_SLC__1SDV_20200910T053004_20200910T053034_034292_03FC65_1F7A,DV,1,4.1,228.6738,2,Ship_2,128.425,True,HIGH,9999.99
test,DB_OPENSAR_VD_134.xml,DB_OPENSAR_DVD_134,S1A_IW_SLC__1SDV_20200126T052956_20200126T053026_030967_038E50_4681,DV,2,0.7,43.4714,1,Ship_1,55.62602059,True,HIGH,8.51405
test,DB_OPENSAR_VD_138.xml,DB_OPENSAR_DVD_138,S1A_IW_SLC__1SDV_20200126T052956_20200126T053026_030967_038E50_4681,DV,2,1.1,38.4695,3,Ship_1,92.91001003,True,HIGH,7.46844
test,DB_OPENSAR_VD_138.xml,DB_OPENSAR_DVD_138,S1A_IW_SLC__1SDV_20200126T052956_20200126T053026_030967_038E50_4681,DV,2,1.1,38.4695,3,Ship_2,62.29774633,True,HIGH,6.30212
test,DB_OPENSAR_VD_138.xml,DB_OPENSAR_DVD_138,S1A_IW_SLC__1SDV_20200126T052956_20200126T053026_030967_038E50_4681,DV,2,1.1,38.4695,3,Ship_3,79.22458298,True,HIGH,7.80713
train,DB_OPENSAR_VD_1380.xml,DB_OPENSAR_DVD_1380,S1A_IW_SLC__1SDV_20200910T053004_20200910T053034_034292_03FC65_1F7A,DV,1,5.0,229.6592,1,Ship_1,105.7147017,True,HIGH,9999.99
test,DB_OPENSAR_VD_14.xml,DB_OPENSAR_DVD_14,S1A_IW_SLC__1SDV_20200126T052956_20200126T053026_030967_038E50_4681,DV,1,2.0,94.6629,16,Ship_1,,False,HIGH,9999.99
test,DB_OPENSAR_VD_14.xml,DB_OPENSAR_DVD_14,S1A_IW_SLC__1SDV_20200126T052956_20200126T053026_030967_038E50_4681,DV,1,2.0,94.6629,16,Ship_2,,False,HIGH,9999.99
test,DB_OPENSAR_VD_14.xml,DB_OPENSAR_DVD_14,S1A_IW_SLC__1SDV_20200126T052956_20200126T053026_030967_038E50_4681,DV,1,2.0,94.6629,16,Ship_3,,False,HIGH,9999.99
test,DB_OPENSAR_VD_14.xml,DB_OPENSAR_DVD_14,S1A_IW_SLC__1SDV_20200126T052956_20200126T053026_030967_038E50_4681,DV,1,2.0,94.6629,16,Ship_4,,False,HIGH,9999.99
test,DB_OPENSAR_VD_14.xml,DB_OPENSAR_DVD_14,S1A_IW_SLC__1SDV_20200126T052956_20200126T053026_030967_038E50_4681,DV,1,2.0,94.6629,16,Ship_5,,False,HIGH,9999.99
test,DB_OPENSAR_VD_14.xml,DB_OPENSAR_DVD_14,S1A_IW_SLC__1SDV_20200126T052956_20200126T053026_030967_038E50_4681,DV,1,2.0,94.6629,16,Ship_6,,True,MEDIUM,9999.99
test,DB_OPENSAR_VD_14.xml,DB_OPENSAR_DVD_14,S1A_IW_SLC__1SDV_20200126T052956_20200126T053026_030967_038E50_4681,DV,1,2.0,94.6629,16,Ship_7,,False,HIGH,9.99461
test,DB_OPENSAR_VD_14.xml,DB_OPENSAR_DVD_14,S1A_IW_SLC__1SDV_20200126T052956_20200126T053026_030967_038E50_4681,DV,1,2.0,94.6629,16,Ship_8,,False,HIGH,9999.99
test,DB_OPENSAR_VD_14.xml,DB_OPENSAR_DVD_14,S1A_IW_SLC__1SDV_20200126T052956_20200126T053026_030967_038E50_4681,DV,1,2.0,94.6629,16,Ship_9,,False,HIGH,9999.99
test,DB_OPENSAR_VD_14.xml,DB_OPENSAR_DVD_14,S1A_IW_SLC__1SDV_20200126T052956_20200126T053026_030967_038E50_4681,DV,1,2.0,94.6629,16,Ship_10,,False,HIGH,9999.99
test,DB_OPENSAR_VD_14.xml,DB_OPENSAR_DVD_14,S1A_IW_SLC__1SDV_20200126T052956_20200126T053026_030967_038E50_4681,DV,1,2.0,94.6629,16,Ship_11,,False,HIGH,9999.99
test,DB_OPENSAR_VD_14.xml,DB_OPENSAR_DVD_14,S1A_IW_SLC__1SDV_20200126T052956_20200126T053026_030967_038E50_4681,DV,1,2.0,94.6629,16,Ship_12,,False,HIGH,9999.99
test,DB_OPENSAR_VD_14.xml,DB_OPENSAR_DVD_14,S1A_IW_SLC__1SDV_20200126T052956_20200126T053026_030967_038E50_4681,DV,1,2.0,94.6629,16,Ship_13,,False,HIGH,9999.99
test,DB_OPENSAR_VD_14.xml,DB_OPENSAR_DVD_14,S1A_IW_SLC__1SDV_20200126T052956_20200126T053026_030967_038E50_4681,DV,1,2.0,94.6629,16,Ship_14,38.03710769,False,HIGH,9.88834
test,DB_OPENSAR_VD_14.xml,DB_OPENSAR_DVD_14,S1A_IW_SLC__1SDV_20200126T052956_20200126T053026_030967_038E50_4681,DV,1,2.0,94.6629,16,Ship_15,35.44674516,True,HIGH,9999.99
test,DB_OPENSAR_VD_14.xml,DB_OPENSAR_DVD_14,S1A_IW_SLC__1SDV_20200126T052956_20200126T053026_030967_038E50_4681,DV,1,2.0,94.6629,16,Ship_16,30.33661701,False,HIGH,9999.99
train,DB_OPENSAR_VD_1434.xml,DB_OPENSAR_DVD_1434,S1A_IW_SLC__1SDV_20200910T053004_20200910T053034_034292_03FC65_1F7A,DV,3,5.0,229.4923,1,Ship_1,199.9702475,True,HIGH,9999.99
train,DB_OPENSAR_VD_1463.xml,DB_OPENSAR_DVD_1463,S1A_IW_SLC__1SDV_20200910T053004_20200910T053034_034292_03FC65_1F7A,DV,3,5.6,223.4818,2,Ship_1,,True,LOW,9999.99
train,DB_OPENSAR_VD_1463.xml,DB_OPENSAR_DVD_1463,S1A_IW_SLC__1SDV_20200910T053004_20200910T053034_034292_03FC65_1F7A,DV,3,5.6,223.4818,2,Ship_2,155.4340207,True,HIGH,9999.99
train,DB_OPENSAR_VD_1474.xml,DB_OPENSAR_DVD_1474,S1A_IW_SLC__1SDV_20200910T053004_20200910T053034_034292_03FC65_1F7A,DV,3,4.2,236.4288,1,Ship_1,55.41139522,True,HIGH,9999.99
train,DB_OPENSAR_VD_1478.xml,DB_OPENSAR_DVD_1478,S1A_IW_SLC__1SDV_20200910T053004_20200910T053034_034292_03FC65_1F7A,DV,3,4.3,234.427,1,Ship_1,144.7524419,True,HIGH,9999.99
train,DB_OPENSAR_VD_1479.xml,DB_OPENSAR_DVD_1479,S1A_IW_SLC__1SDV_20200910T053004_20200910T053034_034292_03FC65_1F7A,DV,3,4.8,225.4506,1,Ship_1,160.6502499,True,HIGH,9999.99
train,DB_OPENSAR_VD_1482.xml,DB_OPENSAR_DVD_1482,S1A_IW_SLC__1SDV_20200910T053004_20200910T053034_034292_03FC65_1F7A,DV,3,4.0,237.4253,1,Ship_1,129.0157049,True,HIGH,9999.99
train,DB_OPENSAR_VD_1489.xml,DB_OPENSAR_DVD_1489,S1A_IW_SLC__1SDV_20200910T053004_20200910T053034_034292_03FC65_1F7A,DV,3,4.2,238.4209,1,Ship_1,192.2448757,True,HIGH,9999.99
train,DB_OPENSAR_VD_1490.xml,DB_OPENSAR_DVD_1490,S1A_IW_SLC__1SDV_20200910T053004_20200910T053034_034292_03FC65_1F7A,DV,3,4.5,227.4444,1,Ship_1,145.0480816,True,HIGH,9999.99
train,DB_OPENSAR_VD_1493.xml,DB_OPENSAR_DVD_1493,S1A_IW_SLC__1SDV_20200910T053004_20200910T053034_034292_03FC65_1F7A,DV,3,4.5,238.4182,1,Ship_1,78.14723305,True,HIGH,9999.99
train,DB_OPENSAR_VD_1495.xml,DB_OPENSAR_DVD_1495,S1A_IW_SLC__1SDV_20200910T053004_20200910T053034_034292_03FC65_1F7A,DV,3,4.3,242.4165,3,Ship_1,,True,LOW,9999.99
train,DB_OPENSAR_VD_1495.xml,DB_OPENSAR_DVD_1495,S1A_IW_SLC__1SDV_20200910T053004_20200910T053034_034292_03FC65_1F7A,DV,3,4.3,242.4165,3,Ship_2,135.5375578,True,HIGH,9999.99
train,DB_OPENSAR_VD_1495.xml,DB_OPENSAR_DVD_1495,S1A_IW_SLC__1SDV_20200910T053004_20200910T053034_034292_03FC65_1F7A,DV,3,4.3,242.4165,3,Ship_3,32.56948524,True,MEDIUM,8.87232
train,DB_OPENSAR_VD_1496.xml,DB_OPENSAR_DVD_1496,S1A_IW_SLC__1SDV_20200910T053004_20200910T053034_034292_03FC65_1F7A,DV,3,4.4,241.4147,3,Ship_1,,True,MEDIUM,9999.99
train,DB_OPENSAR_VD_1496.xml,DB_OPENSAR_DVD_1496,S1A_IW_SLC__1SDV_20200910T053004_20200910T053034_034292_03FC65_1F7A,DV,3,4.4,241.4147,3,Ship_2,141.3126308,True,HIGH,9999.99
train,DB_OPENSAR_VD_1496.xml,DB_OPENSAR_DVD_1496,S1A_IW_SLC__1SDV_20200910T053004_20200910T053034_034292_03FC65_1F7A,DV,3,4.4,241.4147,3,Ship_3,176.8947973,True,HIGH,9.19919
train,DB_OPENSAR_VD_1498.xml,DB_OPENSAR_DVD_1498,S1A_IW_SLC__1SDV_20200910T053004_20200910T053034_034292_03FC65_1F7A,DV,3,4.6,242.4138,7,Ship_1,,True,LOW,9999.99
train,DB_OPENSAR_VD_1498.xml,DB_OPENSAR_DVD_1498,S1A_IW_SLC__1SDV_20200910T053004_20200910T053034_034292_03FC65_1F7A,DV,3,4.6,242.4138,7,Ship_2,183.0,True,HIGH,9999.99
train,DB_OPENSAR_VD_1498.xml,DB_OPENSAR_DVD_1498,S1A_IW_SLC__1SDV_20200910T053004_20200910T053034_034292_03FC65_1F7A,DV,3,4.6,242.4138,7,Ship_3,177.6690207,True,HIGH,8.8961
train,DB_OPENSAR_VD_1498.xml,DB_OPENSAR_DVD_1498,S1A_IW_SLC__1SDV_20200910T053004_20200910T053034_034292_03FC65_1F7A,DV,3,4.6,242.4138,7,Ship_4,29.82529778,True,HIGH,8.23956
train,DB_OPENSAR_VD_1498.xml,DB_OPENSAR_DVD_1498,S1A_IW_SLC__1SDV_20200910T053004_20200910T053034_034292_03FC65_1F7A,DV,3,4.6,242.4138,7,Ship_5,186.6747123,True,HIGH,7.61952
train,DB_OPENSAR_VD_1498.xml,DB_OPENSAR_DVD_1498,S1A_IW_SLC__1SDV_20200910T053004_20200910T053034_034292_03FC65_1F7A,DV,3,4.6,242.4138,7,Ship_6,14.32864671,False,HIGH,6.46364
train,DB_OPENSAR_VD_1498.xml,DB_OPENSAR_DVD_1498,S1A_IW_SLC__1SDV_20200910T053004_20200910T053034_034292_03FC65_1F7A,DV,3,4.6,242.4138,7,Ship_7,140.6202474,True,HIGH,9999.99
train,DB_OPENSAR_VD_1499.xml,DB_OPENSAR_DVD_1499,S1A_IW_SLC__1SDV_20200910T053004_20200910T053034_034292_03FC65_1F7A,DV,3,4.3,232.423,2,Ship_1,206.6797729,True,HIGH,9999.99
train,DB_OPENSAR_VD_1499.xml,DB_OPENSAR_DVD_1499,S1A_IW_SLC__1SDV_20200910T053004_20200910T053034_034292_03FC65_1F7A,DV,3,4.3,232.423,2,Ship_2,146.3818909,True,HIGH,9999.99
test,DB_OPENSAR_VD_15.xml,DB_OPENSAR_DVD_15,S1A_IW_SLC__1SDV_20200126T052956_20200126T053026_030967_038E50_4681,DV,1,0.3,151.669,1,Ship_1,89.24282218,True,HIGH,9999.99
train,DB_OPENSAR_VD_1502.xml,DB_OPENSAR_DVD_1502,S1A_IW_SLC__1SDV_20200910T053004_20200910T053034_034292_03FC65_1F7A,DV,3,5.2,243.4121,4,Ship_1,,True,MEDIUM,9999.99
train,DB_OPENSAR_VD_1502.xml,DB_OPENSAR_DVD_1502,S1A_IW_SLC__1SDV_20200910T053004_20200910T053034_034292_03FC65_1F7A,DV,3,5.2,243.4121,4,Ship_2,84.94545604,True,HIGH,9999.99
train,DB_OPENSAR_VD_1502.xml,DB_OPENSAR_DVD_1502,S1A_IW_SLC__1SDV_20200910T053004_20200910T053034_034292_03FC65_1F7A,DV,3,5.2,243.4121,4,Ship_3,161.6611418,True,HIGH,8.59514
train,DB_OPENSAR_VD_1502.xml,DB_OPENSAR_DVD_1502,S1A_IW_SLC__1SDV_20200910T053004_20200910T053034_034292_03FC65_1F7A,DV,3,5.2,243.4121,4,Ship_4,143.232877,True,HIGH,9999.99
train,DB_OPENSAR_VD_1505.xml,DB_OPENSAR_DVD_1505,S1A_IW_SLC__1SDV_20200910T053004_20200910T053034_034292_03FC65_1F7A,DV,3,4.4,243.4103,3,Ship_1,,True,MEDIUM,9999.99
train,DB_OPENSAR_VD_1505.xml,DB_OPENSAR_DVD_1505,S1A_IW_SLC__1SDV_20200910T053004_20200910T053034_034292_03FC65_1F7A,DV,3,4.4,243.4103,3,Ship_2,196.9880722,True,HIGH,9999.99
train,DB_OPENSAR_VD_1505.xml,DB_OPENSAR_DVD_1505,S1A_IW_SLC__1SDV_20200910T053004_20200910T053034_034292_03FC65_1F7A,DV,3,4.4,243.4103,3,Ship_3,175.0098624,True,HIGH,9.89419
test,DB_OPENSAR_VD_153.xml,DB_OPENSAR_DVD_153,S1A_IW_SLC__1SDV_20200126T052956_20200126T053026_030967_038E50_4681,DV,2,0.2,73.5569,1,Ship_1,,True,HIGH,9999.99
test,DB_OPENSAR_VD_164.xml,DB_OPENSAR_DVD_164,S1A_IW_SLC__1SDV_20200126T052956_20200126T053026_030967_038E50_4681,DV,3,,,1,Ship_1,,True,MEDIUM,0.24397
test,DB_OPENSAR_VD_169.xml,DB_OPENSAR_DVD_169,S1A_IW_SLC__1SDV_20200126T052956_20200126T053026_030967_038E50_4681,DV,3,0.5,14.4503,1,Ship_1,120.2359004,True,HIGH,9999.99
test,DB_OPENSAR_VD_175.xml,DB_OPENSAR_DVD_175,S1A_IW_SLC__1SDV_20200126T052956_20200126T053026_030967_038E50_4681,DV,3,0.1,289.4758,1,Ship_1,115.02,True,HIGH,9999.99
test,DB_OPENSAR_VD_176.xml,DB_OPENSAR_DVD_176,S1A_IW_SLC__1SDV_20200126T052956_20200126T053026_030967_038E50_4681,DV,3,,,1,Ship_1,,True,MEDIUM,0.06487
test,DB_OPENSAR_VD_177.xml,DB_OPENSAR_DVD_177,S1A_IW_SLC__1SDV_20200126T052956_20200126T053026_030967_038E50_4681,DV,3,2.2,8.4319,1,Ship_1,138.9315163,True,HIGH,5.11801
test,DB_OPENSAR_VD_181.xml,DB_OPENSAR_DVD_181,S1A_IW_SLC__1SDV_20200126T052956_20200126T053026_030967_038E50_4681,DV,3,3.0,1.429,3,Ship_1,,True,MEDIUM,5.25278
test,DB_OPENSAR_VD_181.xml,DB_OPENSAR_DVD_181,S1A_IW_SLC__1SDV_20200126T052956_20200126T053026_030967_038E50_4681,DV,3,3.0,1.429,3,Ship_2,,True,MEDIUM,6.11614
test,DB_OPENSAR_VD_181.xml,DB_OPENSAR_DVD_181,S1A_IW_SLC__1SDV_20200126T052956_20200126T053026_030967_038E50_4681,DV,3,3.0,1.429,3,Ship_3,107.66,True,HIGH,3.86155
test,DB_OPENSAR_VD_187.xml,DB_OPENSAR_DVD_187,S1A_IW_SLC__1SDV_20200126T052956_20200126T053026_030967_038E50_4681,DV,3,,,32,Ship_1,,True,MEDIUM,3.62164
test,DB_OPENSAR_VD_187.xml,DB_OPENSAR_DVD_187,S1A_IW_SLC__1SDV_20200126T052956_20200126T053026_030967_038E50_4681,DV,3,,,32,Ship_2,,False,HIGH,4.42746
test,DB_OPENSAR_VD_187.xml,DB_OPENSAR_DVD_187,S1A_IW_SLC__1SDV_20200126T052956_20200126T053026_030967_038E50_4681,DV,3,,,32,Ship_3,,True,MEDIUM,3.6173
test,DB_OPENSAR_VD_187.xml,DB_OPENSAR_DVD_187,S1A_IW_SLC__1SDV_20200126T052956_20200126T053026_030967_038E50_4681,DV,3,,,32,Ship_4,,True,MEDIUM,3.6145
test,DB_OPENSAR_VD_187.xml,DB_OPENSAR_DVD_187,S1A_IW_SLC__1SDV_20200126T052956_20200126T053026_030967_038E50_4681,DV,3,,,32,Ship_5,,True,MEDIUM,2.68509
test,DB_OPENSAR_VD_187.xml,DB_OPENSAR_DVD_187,S1A_IW_SLC__1SDV_20200126T052956_20200126T053026_030967_038E50_4681,DV,3,,,32,Ship_6,,True,MEDIUM,1.56181
test,DB_OPENSAR_VD_187.xml,DB_OPENSAR_DVD_187,S1A_IW_SLC__1SDV_20200126T052956_20200126T053026_030967_038E50_4681,DV,3,,,32,Ship_7,,True,MEDIUM,1.63154
test,DB_OPENSAR_VD_187.xml,DB_OPENSAR_DVD_187,S1A_IW_SLC__1SDV_20200126T052956_20200126T053026_030967_038E50_4681,DV,3,,,32,Ship_8,,True,MEDIUM,1.79289
test,DB_OPENSAR_VD_187.xml,DB_OPENSAR_DVD_187,S1A_IW_SLC__1SDV_20200126T052956_20200126T053026_030967_038E50_4681,DV,3,,,32,Ship_9,,True,MEDIUM,1.90351
test,DB_OPENSAR_VD_187.xml,DB_OPENSAR_DVD_187,S1A_IW_SLC__1SDV_20200126T052956_20200126T053026_030967_038E50_4681,DV,3,,,32,Ship_10,,True,MEDIUM,2.2164
test,DB_OPENSAR_VD_187.xml,DB_OPENSAR_DVD_187,S1A_IW_SLC__1SDV_20200126T052956_20200126T053026_030967_038E50_4681,DV,3,,,32,Ship_11,,True,MEDIUM,2.50811
test,DB_OPENSAR_VD_187.xml,DB_OPENSAR_DVD_187,S1A_IW_SLC__1SDV_20200126T052956_20200126T053026_030967_038E50_4681,DV,3,,,32,Ship_12,,True,MEDIUM,2.93642
test,DB_OPENSAR_VD_187.xml,DB_OPENSAR_DVD_187,S1A_IW_SLC__1SDV_20200126T052956_20200126T053026_030967_038E50_4681,DV,3,,,32,Ship_13,,False,HIGH,2.96819
test,DB_OPENSAR_VD_187.xml,DB_OPENSAR_DVD_187,S1A_IW_SLC__1SDV_20200126T052956_20200126T053026_030967_038E50_4681,DV,3,,,32,Ship_14,,True,MEDIUM,1.5162
test,DB_OPENSAR_VD_187.xml,DB_OPENSAR_DVD_187,S1A_IW_SLC__1SDV_20200126T052956_20200126T053026_030967_038E50_4681,DV,3,,,32,Ship_15,,True,MEDIUM,2.34417
test,DB_OPENSAR_VD_187.xml,DB_OPENSAR_DVD_187,S1A_IW_SLC__1SDV_20200126T052956_20200126T053026_030967_038E50_4681,DV,3,,,32,Ship_16,,True,LOW,0.50608
test,DB_OPENSAR_VD_187.xml,DB_OPENSAR_DVD_187,S1A_IW_SLC__1SDV_20200126T052956_20200126T053026_030967_038E50_4681,DV,3,,,32,Ship_17,,True,LOW,1.20803
test,DB_OPENSAR_VD_187.xml,DB_OPENSAR_DVD_187,S1A_IW_SLC__1SDV_20200126T052956_20200126T053026_030967_038E50_4681,DV,3,,,32,Ship_18,,True,LOW,1.05473
test,DB_OPENSAR_VD_187.xml,DB_OPENSAR_DVD_187,S1A_IW_SLC__1SDV_20200126T052956_20200126T053026_030967_038E50_4681,DV,3,,,32,Ship_19,89.26204455,True,HIGH,3.59144
test,DB_OPENSAR_VD_187.xml,DB_OPENSAR_DVD_187,S1A_IW_SLC__1SDV_20200126T052956_20200126T053026_030967_038E50_4681,DV,3,,,32,Ship_20,53.15976091,True,HIGH,3.97024
test,DB_OPENSAR_VD_187.xml,DB_OPENSAR_DVD_187,S1A_IW_SLC__1SDV_20200126T052956_20200126T053026_030967_038E50_4681,DV,3,,,32,Ship_21,60.81222172,True,HIGH,3.17242
test,DB_OPENSAR_VD_187.xml,DB_OPENSAR_DVD_187,S1A_IW_SLC__1SDV_20200126T052956_20200126T053026_030967_038E50_4681,DV,3,,,32,Ship_22,38.09104772,True,MEDIUM,0.43895
test,DB_OPENSAR_VD_187.xml,DB_OPENSAR_DVD_187,S1A_IW_SLC__1SDV_20200126T052956_20200126T053026_030967_038E50_4681,DV,3,,,32,Ship_23,23.74108679,True,HIGH,1.39798
test,DB_OPENSAR_VD_187.xml,DB_OPENSAR_DVD_187,S1A_IW_SLC__1SDV_20200126T052956_20200126T053026_030967_038E50_4681,DV,3,,,32,Ship_24,55.41139522,True,HIGH,1.71856
test,DB_OPENSAR_VD_187.xml,DB_OPENSAR_DVD_187,S1A_IW_SLC__1SDV_20200126T052956_20200126T053026_030967_038E50_4681,DV,3,,,32,Ship_25,55.41176621,True,HIGH,1.95114
test,DB_OPENSAR_VD_187.xml,DB_OPENSAR_DVD_187,S1A_IW_SLC__1SDV_20200126T052956_20200126T053026_030967_038E50_4681,DV,3,,,32,Ship_26,71.45833088,True,HIGH,2.10821
test,DB_OPENSAR_VD_187.xml,DB_OPENSAR_DVD_187,S1A_IW_SLC__1SDV_20200126T052956_20200126T053026_030967_038E50_4681,DV,3,,,32,Ship_27,24.39097295,True,HIGH,2.3195
test,DB_OPENSAR_VD_187.xml,DB_OPENSAR_DVD_187,S1A_IW_SLC__1SDV_20200126T052956_20200126T053026_030967_038E50_4681,DV,3,,,32,Ship_28,26.49093979,True,LOW,1.25633
test,DB_OPENSAR_VD_187.xml,DB_OPENSAR_DVD_187,S1A_IW_SLC__1SDV_20200126T052956_20200126T053026_030967_038E50_4681,DV,3,,,32,Ship_29,58.61636655,True,MEDIUM,1.21799
test,DB_OPENSAR_VD_187.xml,DB_OPENSAR_DVD_187,S1A_IW_SLC__1SDV_20200126T052956_20200126T053026_030967_038E50_4681,DV,3,,,32,Ship_30,57.20288305,True,MEDIUM,1.25521
test,DB_OPENSAR_VD_187.xml,DB_OPENSAR_DVD_187,S1A_IW_SLC__1SDV_20200126T052956_20200126T053026_030967_038E50_4681,DV,3,,,32,Ship_31,,True,HIGH,2.1066
test,DB_OPENSAR_VD_187.xml,DB_OPENSAR_DVD_187,S1A_IW_SLC__1SDV_20200126T052956_20200126T053026_030967_038E50_4681,DV,3,,,32,Ship_32,31.01567865,True,HIGH,2.43172
test,DB_OPENSAR_VD_192.xml,DB_OPENSAR_DVD_192,S1A_IW_SLC__1SDV_20200126T052956_20200126T053026_030967_038E50_4681,DV,3,,,2,Ship_1,89.3,True,MEDIUM,0.22779
test,DB_OPENSAR_VD_192.xml,DB_OPENSAR_DVD_192,S1A_IW_SLC__1SDV_20200126T052956_20200126T053026_030967_038E50_4681,DV,3,,,2,Ship_2,56.25266743,True,MEDIUM,0.05289
test,DB_OPENSAR_VD_199.xml,DB_OPENSAR_DVD_199,S1A_IW_SLC__1SDV_20200126T052956_20200126T053026_030967_038E50_4681,DV,3,,,7,Ship_1,,True,LOW,1.57989
test,DB_OPENSAR_VD_199.xml,DB_OPENSAR_DVD_199,S1A_IW_SLC__1SDV_20200126T052956_20200126T053026_030967_038E50_4681,DV,3,,,7,Ship_2,,True,MEDIUM,1.90905
test,DB_OPENSAR_VD_199.xml,DB_OPENSAR_DVD_199,S1A_IW_SLC__1SDV_20200126T052956_20200126T053026_030967_038E50_4681,DV,3,,,7,Ship_3,,True,MEDIUM,0.36902
test,DB_OPENSAR_VD_199.xml,DB_OPENSAR_DVD_199,S1A_IW_SLC__1SDV_20200126T052956_20200126T053026_030967_038E50_4681,DV,3,,,7,Ship_4,84.11706122,True,HIGH,2.75836
test,DB_OPENSAR_VD_199.xml,DB_OPENSAR_DVD_199,S1A_IW_SLC__1SDV_20200126T052956_20200126T053026_030967_038E50_4681,DV,3,,,7,Ship_5,141.0092888,True,HIGH,3.9071
test,DB_OPENSAR_VD_199.xml,DB_OPENSAR_DVD_199,S1A_IW_SLC__1SDV_20200126T052956_20200126T053026_030967_038E50_4681,DV,3,,,7,Ship_6,151.8054767,True,MEDIUM,1.38207
test,DB_OPENSAR_VD_199.xml,DB_OPENSAR_DVD_199,S1A_IW_SLC__1SDV_20200126T052956_20200126T053026_030967_038E50_4681,DV,3,,,7,Ship_7,127.6264664,True,HIGH,3.68517
test,DB_OPENSAR_VD_201.xml,DB_OPENSAR_DVD_201,S1A_IW_SLC__1SDV_20200126T052956_20200126T053026_030967_038E50_4681,DV,3,0.5,11.4405,2,Ship_1,,True,MEDIUM,9999.99
test,DB_OPENSAR_VD_201.xml,DB_OPENSAR_DVD_201,S1A_IW_SLC__1SDV_20200126T052956_20200126T053026_030967_038E50_4681,DV,3,0.5,11.4405,2,Ship_2,230.5183612,True,HIGH,9999.99
test,DB_OPENSAR_VD_202.xml,DB_OPENSAR_DVD_202,S1A_IW_SLC__1SDV_20200126T052956_20200126T053026_030967_038E50_4681,DV,3,,,3,Ship_1,168.0191677,True,MEDIUM,3.22401
test,DB_OPENSAR_VD_202.xml,DB_OPENSAR_DVD_202,S1A_IW_SLC__1SDV_20200126T052956_20200126T053026_030967_038E50_4681,DV,3,,,3,Ship_2,51.25936223,True,MEDIUM,3.17626
test,DB_OPENSAR_VD_202.xml,DB_OPENSAR_DVD_202,S1A_IW_SLC__1SDV_20200126T052956_20200126T053026_030967_038E50_4681,DV,3,,,3,Ship_3,76.85758363,True,MEDIUM,2.58619
test,DB_OPENSAR_VD_209.xml,DB_OPENSAR_DVD_209,S1A_IW_SLC__1SDV_20200126T052956_20200126T053026_030967_038E50_4681,DV,3,0.6,359.4377,1,Ship_1,199.1417454,True,HIGH,9999.99
test,DB_OPENSAR_VD_213.xml,DB_OPENSAR_DVD_213,S1A_IW_SLC__1SDV_20200126T052956_20200126T053026_030967_038E50_4681,DV,3,3.4,4.4277,1,Ship_1,221.2927013,True,HIGH,9999.99
test,DB_OPENSAR_VD_214.xml,DB_OPENSAR_DVD_214,S1A_IW_SLC__1SDV_20200126T052956_20200126T053026_030967_038E50_4681,DV,3,0.6,347.4359,1,Ship_1,136.7472183,True,HIGH,9999.99
test,DB_OPENSAR_VD_218.xml,DB_OPENSAR_DVD_218,S1A_IW_SLC__1SDV_20200126T052956_20200126T053026_030967_038E50_4681,DV,3,0.9,13.434,1,Ship_1,177.7130773,True,HIGH,9999.99
test,DB_OPENSAR_VD_222.xml,DB_OPENSAR_DVD_222,S1A_IW_SLC__1SDV_20200126T052956_20200126T053026_030967_038E50_4681,DV,3,2.9,8.4249,1,Ship_1,169.5289918,True,HIGH,9999.99
test,DB_OPENSAR_VD_227.xml,DB_OPENSAR_DVD_227,S1A_IW_SLC__1SDV_20200126T052956_20200126T053026_030967_038E50_4681,DV,3,2.1,3.4312,5,Ship_1,,False,LOW,9999.99
test,DB_OPENSAR_VD_227.xml,DB_OPENSAR_DVD_227,S1A_IW_SLC__1SDV_20200126T052956_20200126T053026_030967_038E50_4681,DV,3,2.1,3.4312,5,Ship_2,169.6168962,True,HIGH,9999.99
test,DB_OPENSAR_VD_227.xml,DB_OPENSAR_DVD_227,S1A_IW_SLC__1SDV_20200126T052956_20200126T053026_030967_038E50_4681,DV,3,2.1,3.4312,5,Ship_3,178.5379064,True,HIGH,9999.99
test,DB_OPENSAR_VD_227.xml,DB_OPENSAR_DVD_227,S1A_IW_SLC__1SDV_20200126T052956_20200126T053026_030967_038E50_4681,DV,3,2.1,3.4312,5,Ship_4,32.56948524,True,MEDIUM,9999.99
test,DB_OPENSAR_VD_227.xml,DB_OPENSAR_DVD_227,S1A_IW_SLC__1SDV_20200126T052956_20200126T053026_030967_038E50_4681,DV,3,2.1,3.4312,5,Ship_5,164.2256421,True,HIGH,9999.99
test,DB_OPENSAR_VD_231.xml,DB_OPENSAR_DVD_231,S1A_IW_SLC__1SDV_20200126T052956_20200126T053026_030967_038E50_4681,DV,3,3.9,359.4211,6,Ship_1,,True,MEDIUM,8.99337
test,DB_OPENSAR_VD_231.xml,DB_OPENSAR_DVD_231,S1A_IW_SLC__1SDV_20200126T052956_20200126T053026_030967_038E50_4681,DV,3,3.9,359.4211,6,Ship_2,204.763758,True,HIGH,9999.99
test,DB_OPENSAR_VD_231.xml,DB_OPENSAR_DVD_231,S1A_IW_SLC__1SDV_20200126T052956_20200126T053026_030967_038E50_4681,DV,3,3.9,359.4211,6,Ship_3,147.2168117,True,HIGH,9999.99
test,DB_OPENSAR_VD_231.xml,DB_OPENSAR_DVD_231,S1A_IW_SLC__1SDV_20200126T052956_20200126T053026_030967_038E50_4681,DV,3,3.9,359.4211,6,Ship_4,178.2235743,True,HIGH,9999.99
test,DB_OPENSAR_VD_231.xml,DB_OPENSAR_DVD_231,S1A_IW_SLC__1SDV_20200126T052956_20200126T053026_030967_038E50_4681,DV,3,3.9,359.4211,6,Ship_5,29.82529778,True,HIGH,9999.99
test,DB_OPENSAR_VD_231.xml,DB_OPENSAR_DVD_231,S1A_IW_SLC__1SDV_20200126T052956_20200126T053026_030967_038E50_4681,DV,3,3.9,359.4211,6,Ship_6,215.7778045,True,HIGH,8.94248
test,DB_OPENSAR_VD_232.xml,DB_OPENSAR_DVD_232,S1A_IW_SLC__1SDV_20200126T052956_20200126T053026_030967_038E50_4681,DV,3,1.6,7.4293,4,Ship_1,17.81145206,True,HIGH,9999.99
test,DB_OPENSAR_VD_232.xml,DB_OPENSAR_DVD_232,S1A_IW_SLC__1SDV_20200126T052956_20200126T053026_030967_038E50_4681,DV,3,1.6,7.4293,4,Ship_2,186.6976485,True,HIGH,9999.99
test,DB_OPENSAR_VD_232.xml,DB_OPENSAR_DVD_232,S1A_IW_SLC__1SDV_20200126T052956_20200126T053026_030967_038E50_4681,DV,3,1.6,7.4293,4,Ship_3,173.4664586,True,HIGH,9999.99
test,DB_OPENSAR_VD_232.xml,DB_OPENSAR_DVD_232,S1A_IW_SLC__1SDV_20200126T052956_20200126T053026_030967_038E50_4681,DV,3,1.6,7.4293,4,Ship_4,168.8167008,True,HIGH,9999.99
test,DB_OPENSAR_VD_235.xml,DB_OPENSAR_DVD_235,S1A_IW_SLC__1SDV_20200126T052956_20200126T053026_030967_038E50_4681,DV,3,4.4,355.4202,5,Ship_1,,False,HIGH,6.42597
test,DB_OPENSAR_VD_235.xml,DB_OPENSAR_DVD_235,S1A_IW_SLC__1SDV_20200126T052956_20200126T053026_030967_038E50_4681,DV,3,4.4,355.4202,5,Ship_2,179.6946156,True,HIGH,9999.99
test,DB_OPENSAR_VD_235.xml,DB_OPENSAR_DVD_235,S1A_IW_SLC__1SDV_20200126T052956_20200126T053026_030967_038E50_4681,DV,3,4.4,355.4202,5,Ship_3,206.1971936,True,HIGH,9999.99
test,DB_OPENSAR_VD_235.xml,DB_OPENSAR_DVD_235,S1A_IW_SLC__1SDV_20200126T052956_20200126T053026_030967_038E50_4681,DV,3,4.4,355.4202,5,Ship_4,166.4498685,True,HIGH,9.0878
test,DB_OPENSAR_VD_235.xml,DB_OPENSAR_DVD_235,S1A_IW_SLC__1SDV_20200126T052956_20200126T053026_030967_038E50_4681,DV,3,4.4,355.4202,5,Ship_5,179.5742751,True,HIGH,9999.99
test,DB_OPENSAR_VD_236.xml,DB_OPENSAR_DVD_236,S1A_IW_SLC__1SDV_20200126T052956_20200126T053026_030967_038E50_4681,DV,3,1.7,3.4284,2,Ship_1,178.8093463,True,HIGH,9999.99
test,DB_OPENSAR_VD_236.xml,DB_OPENSAR_DVD_236,S1A_IW_SLC__1SDV_20200126T052956_20200126T053026_030967_038E50_4681,DV,3,1.7,3.4284,2,Ship_2,169.2457808,True,HIGH,9999.99
test,DB_OPENSAR_VD_237.xml,DB_OPENSAR_DVD_237,S1A_IW_SLC__1SDV_20200126T052956_20200126T053026_030967_038E50_4681,DV,3,0.4,358.4719,1,Ship_1,162.7281322,True,HIGH,9999.99
test,DB_OPENSAR_VD_238.xml,DB_OPENSAR_DVD_238,S1A_IW_SLC__1SDV_20200126T052956_20200126T053026_030967_038E50_4681,DV,3,0.2,72.5153,2,Ship_1,178.973521,True,HIGH,9999.99
test,DB_OPENSAR_VD_238.xml,DB_OPENSAR_DVD_238,S1A_IW_SLC__1SDV_20200126T052956_20200126T053026_030967_038E50_4681,DV,3,0.2,72.5153,2,Ship_2,140.3520539,False,MEDIUM,9999.99
test,DB_OPENSAR_VD_241.xml,DB_OPENSAR_DVD_241,S1A_IW_SLC__1SDV_20200126T052956_20200126T053026_030967_038E50_4681,DV,3,4.0,358.4183,3,Ship_1,176.2700595,True,HIGH,8.01426
test,DB_OPENSAR_VD_241.xml,DB_OPENSAR_DVD_241,S1A_IW_SLC__1SDV_20200126T052956_20200126T053026_030967_038E50_4681,DV,3,4.0,358.4183,3,Ship_2,182.985432,True,HIGH,8.77248
test,DB_OPENSAR_VD_241.xml,DB_OPENSAR_DVD_241,S1A_IW_SLC__1SDV_20200126T052956_20200126T053026_030967_038E50_4681,DV,3,4.0,358.4183,3,Ship_3,177.6434664,True,HIGH,9999.99
test,DB_OPENSAR_VD_242.xml,DB_OPENSAR_DVD_242,S1A_IW_SLC__1SDV_20200126T052956_20200126T053026_030967_038E50_4681,DV,3,4.4,349.4265,3,Ship_1,190.7316336,True,HIGH,9999.99
test,DB_OPENSAR_VD_242.xml,DB_OPENSAR_DVD_242,S1A_IW_SLC__1SDV_20200126T052956_20200126T053026_030967_038E50_4681,DV,3,4.4,349.4265,3,Ship_2,175.4454546,True,HIGH,9999.99
test,DB_OPENSAR_VD_242.xml,DB_OPENSAR_DVD_242,S1A_IW_SLC__1SDV_20200126T052956_20200126T053026_030967_038E50_4681,DV,3,4.4,349.4265,3,Ship_3,185.2225959,True,HIGH,9999.99
test,DB_OPENSAR_VD_243.xml,DB_OPENSAR_DVD_243,S1A_IW_SLC__1SDV_20200126T052956_20200126T053026_030967_038E50_4681,DV,3,0.3,46.5054,1,Ship_1,109.2589898,True,HIGH,9999.99
test,DB_OPENSAR_VD_245.xml,DB_OPENSAR_DVD_245,S1A_IW_SLC__1SDV_20200126T052956_20200126T053026_030967_038E50_4681,DV,3,3.7,1.4164,5,Ship_1,168.3270618,True,HIGH,9.1587
test,DB_OPENSAR_VD_245.xml,DB_OPENSAR_DVD_245,S1A_IW_SLC__1SDV_20200126T052956_20200126T053026_030967_038E50_4681,DV,3,3.7,1.4164,5,Ship_2,196.9880722,True,HIGH,9999.99
test,DB_OPENSAR_VD_245.xml,DB_OPENSAR_DVD_245,S1A_IW_SLC__1SDV_20200126T052956_20200126T053026_030967_038E50_4681,DV,3,3.7,1.4164,5,Ship_3,172.1970694,True,HIGH,9999.99
test,DB_OPENSAR_VD_245.xml,DB_OPENSAR_DVD_245,S1A_IW_SLC__1SDV_20200126T052956_20200126T053026_030967_038E50_4681,DV,3,3.7,1.4164,5,Ship_4,191.5344128,True,HIGH,9999.99
test,DB_OPENSAR_VD_245.xml,DB_OPENSAR_DVD_245,S1A_IW_SLC__1SDV_20200126T052956_20200126T053026_030967_038E50_4681,DV,3,3.7,1.4164,5,Ship_5,33.17944128,True,HIGH,9999.99
test,DB_OPENSAR_VD_246.xml,DB_OPENSAR_DVD_246,S1A_IW_SLC__1SDV_20200126T052956_20200126T053026_030967_038E50_4681,DV,3,2.7,6.4247,1,Ship_1,175.3683777,True,HIGH,9999.99
test,DB_OPENSAR_VD_248.xml,DB_OPENSAR_DVD_248,S1A_IW_SLC__1SDV_20200126T052956_20200126T053026_030967_038E50_4681,DV,3,3.4,8.4155,1,Ship_1,140.9637763,True,HIGH,9.52759
test,DB_OPENSAR_VD_249.xml,DB_OPENSAR_DVD_249,S1A_IW_SLC__1SDV_20200126T052956_20200126T053026_030967_038E50_4681,DV,3,,,2,Ship_1,,True,LOW,4.69404
test,DB_OPENSAR_VD_249.xml,DB_OPENSAR_DVD_249,S1A_IW_SLC__1SDV_20200126T052956_20200126T053026_030967_038E50_4681,DV,3,,,2,Ship_2,,True,LOW,4.7967
train,DB_OPENSAR_VD_269.xml,DB_OPENSAR_DVD_269,S1A_IW_SLC__1SDV_20200407T052956_20200407T053026_032017_03B2E2_18FA,DV,1,1.0,278.6638,18,Ship_1,,False,HIGH,9999.99
train,DB_OPENSAR_VD_269.xml,DB_OPENSAR_DVD_269,S1A_IW_SLC__1SDV_20200407T052956_20200407T053026_032017_03B2E2_18FA,DV,1,1.0,278.6638,18,Ship_2,,False,HIGH,9999.99
train,DB_OPENSAR_VD_269.xml,DB_OPENSAR_DVD_269,S1A_IW_SLC__1SDV_20200407T052956_20200407T053026_032017_03B2E2_18FA,DV,1,1.0,278.6638,18,Ship_3,,False,HIGH,9999.99
train,DB_OPENSAR_VD_269.xml,DB_OPENSAR_DVD_269,S1A_IW_SLC__1SDV_20200407T052956_20200407T053026_032017_03B2E2_18FA,DV,1,1.0,278.6638,18,Ship_4,,False,HIGH,9999.99
train,DB_OPENSAR_VD_269.xml,DB_OPENSAR_DVD_269,S1A_IW_SLC__1SDV_20200407T052956_20200407T053026_032017_03B2E2_18FA,DV,1,1.0,278.6638,18,Ship_5,,False,HIGH,9.87954
train,DB_OPENSAR_VD_269.xml,DB_OPENSAR_DVD_269,S1A_IW_SLC__1SDV_20200407T052956_20200407T053026_032017_03B2E2_18FA,DV,1,1.0,278.6638,18,Ship_6,,False,HIGH,9.90791
train,DB_OPENSAR_VD_269.xml,DB_OPENSAR_DVD_269,S1A_IW_SLC__1SDV_20200407T052956_20200407T053026_032017_03B2E2_18FA,DV,1,1.0,278.6638,18,Ship_7,,False,HIGH,9999.99
train,DB_OPENSAR_VD_269.xml,DB_OPENSAR_DVD_269,S1A_IW_SLC__1SDV_20200407T052956_20200407T053026_032017_03B2E2_18FA,DV,1,1.0,278.6638,18,Ship_8,,False,HIGH,9999.99
train,DB_OPENSAR_VD_269.xml,DB_OPENSAR_DVD_269,S1A_IW_SLC__1SDV_20200407T052956_20200407T053026_032017_03B2E2_18FA,DV,1,1.0,278.6638,18,Ship_9,,False,HIGH,9999.99
train,DB_OPENSAR_VD_269.xml,DB_OPENSAR_DVD_269,S1A_IW_SLC__1SDV_20200407T052956_20200407T053026_032017_03B2E2_18FA,DV,1,1.0,278.6638,18,Ship_10,,True,LOW,9999.99
train,DB_OPENSAR_VD_269.xml,DB_OPENSAR_DVD_269,S1A_IW_SLC__1SDV_20200407T052956_20200407T053026_032017_03B2E2_18FA,DV,1,1.0,278.6638,18,Ship_11,,False,HIGH,9999.99
train,DB_OPENSAR_VD_269.xml,DB_OPENSAR_DVD_269,S1A_IW_SLC__1SDV_20200407T052956_20200407T053026_032017_03B2E2_18FA,DV,1,1.0,278.6638,18,Ship_12,,False,HIGH,9999.99
train,DB_OPENSAR_VD_269.xml,DB_OPENSAR_DVD_269,S1A_IW_SLC__1SDV_20200407T052956_20200407T053026_032017_03B2E2_18FA,DV,1,1.0,278.6638,18,Ship_13,,True,MEDIUM,9999.99
train,DB_OPENSAR_VD_269.xml,DB_OPENSAR_DVD_269,S1A_IW_SLC__1SDV_20200407T052956_20200407T053026_032017_03B2E2_18FA,DV,1,1.0,278.6638,18,Ship_14,,False,HIGH,9999.99
train,DB_OPENSAR_VD_269.xml,DB_OPENSAR_DVD_269,S1A_IW_SLC__1SDV_20200407T052956_20200407T053026_032017_03B2E2_18FA,DV,1,1.0,278.6638,18,Ship_15,,False,HIGH,9999.99
train,DB_OPENSAR_VD_269.xml,DB_OPENSAR_DVD_269,S1A_IW_SLC__1SDV_20200407T052956_20200407T053026_032017_03B2E2_18FA,DV,1,1.0,278.6638,18,Ship_16,,False,HIGH,9999.99
train,DB_OPENSAR_VD_269.xml,DB_OPENSAR_DVD_269,S1A_IW_SLC__1SDV_20200407T052956_20200407T053026_032017_03B2E2_18FA,DV,1,1.0,278.6638,18,Ship_17,,False,HIGH,9999.99
train,DB_OPENSAR_VD_269.xml,DB_OPENSAR_DVD_269,S1A_IW_SLC__1SDV_20200407T052956_20200407T053026_032017_03B2E2_18FA,DV,1,1.0,278.6638,18,Ship_18,68.3526223,False,HIGH,9999.99
train,DB_OPENSAR_VD_275.xml,DB_OPENSAR_DVD_275,S1A_IW_SLC__1SDV_20200407T052956_20200407T053026_032017_03B2E2_18FA,DV,1,3.4,281.6718,1,Ship_1,,True,HIGH,9999.99
test,DB_OPENSAR_VD_28.xml,DB_OPENSAR_DVD_28,S1A_IW_SLC__1SDV_20200126T052956_20200126T053026_030967_038E50_4681,DV,1,1.7,157.6638,2,Ship_1,,False,HIGH,9999.99
test,DB_OPENSAR_VD_28.xml,DB_OPENSAR_DVD_28,S1A_IW_SLC__1SDV_20200126T052956_20200126T053026_030967_038E50_4681,DV,1,1.7,157.6638,2,Ship_2,56.17737127,True,HIGH,9999.99
train,DB_OPENSAR_VD_285.xml,DB_OPENSAR_DVD_285,S1A_IW_SLC__1SDV_20200407T052956_20200407T053026_032017_03B2E2_18FA,DV,1,2.6,296.6584,4,Ship_1,,False,HIGH,9999.99
train,DB_OPENSAR_VD_285.xml,DB_OPENSAR_DVD_285,S1A_IW_SLC__1SDV_20200407T052956_20200407T053026_032017_03B2E2_18FA,DV,1,2.6,296.6584,4,Ship_2,28.51973057,False,HIGH,9999.99
train,DB_OPENSAR_VD_285.xml,DB_OPENSAR_DVD_285,S1A_IW_SLC__1SDV_20200407T052956_20200407T053026_032017_03B2E2_18FA,DV,1,2.6,296.6584,4,Ship_3,63.37536832,True,HIGH,9999.99
train,DB_OPENSAR_VD_285.xml,DB_OPENSAR_DVD_285,S1A_IW_SLC__1SDV_20200407T052956_20200407T053026_032017_03B2E2_18FA,DV,1,2.6,296.6584,4,Ship_4,56.17737127,True,HIGH,9999.99
train,DB_OPENSAR_VD_292.xml,DB_OPENSAR_DVD_292,S1A_IW_SLC__1SDV_20200407T052956_20200407T053026_032017_03B2E2_18FA,DV,1,3.6,286.654,1,Ship_1,192.1176688,True,HIGH,9999.99
train,DB_OPENSAR_VD_293.xml,DB_OPENSAR_DVD_293,S1A_IW_SLC__1SDV_20200407T052956_20200407T053026_032017_03B2E2_18FA,DV,1,2.5,299.6637,2,Ship_1,,False,HIGH,9999.99
train,DB_OPENSAR_VD_293.xml,DB_OPENSAR_DVD_293,S1A_IW_SLC__1SDV_20200407T052956_20200407T053026_032017_03B2E2_18FA,DV,1,2.5,299.6637,2,Ship_2,62.25506206,True,HIGH,9999.99
train,DB_OPENSAR_VD_300.xml,DB_OPENSAR_DVD_300,S1A_IW_SLC__1SDV_20200407T052956_20200407T053026_032017_03B2E2_18FA,DV,1,2.8,291.6601,1,Ship_1,210.033338,True,HIGH,9999.99
test,DB_OPENSAR_VD_3048.xml,DB_OPENSAR_DVD_3048,S1A_IW_SLC__1SDV_20200928T171759_20200928T171831_034562_0405EA_2228,DV,1,0.4,96.0814,3,Ship_1,,True,MEDIUM,9999.99
test,DB_OPENSAR_VD_3048.xml,DB_OPENSAR_DVD_3048,S1A_IW_SLC__1SDV_20200928T171759_20200928T171831_034562_0405EA_2228,DV,1,0.4,96.0814,3,Ship_2,,True,MEDIUM,9999.99
test,DB_OPENSAR_VD_3048.xml,DB_OPENSAR_DVD_3048,S1A_IW_SLC__1SDV_20200928T171759_20200928T171831_034562_0405EA_2228,DV,1,0.4,96.0814,3,Ship_3,67.94054278,True,HIGH,9999.99
test,DB_OPENSAR_VD_3052.xml,DB_OPENSAR_DVD_3052,S1A_IW_SLC__1SDV_20200928T171759_20200928T171831_034562_0405EA_2228,DV,1,0.5,123.1086,4,Ship_1,,True,MEDIUM,9999.99
test,DB_OPENSAR_VD_3052.xml,DB_OPENSAR_DVD_3052,S1A_IW_SLC__1SDV_20200928T171759_20200928T171831_034562_0405EA_2228,DV,1,0.5,123.1086,4,Ship_2,,True,MEDIUM,9999.99
test,DB_OPENSAR_VD_3052.xml,DB_OPENSAR_DVD_3052,S1A_IW_SLC__1SDV_20200928T171759_20200928T171831_034562_0405EA_2228,DV,1,0.5,123.1086,4,Ship_3,,True,MEDIUM,9999.99
test,DB_OPENSAR_VD_3052.xml,DB_OPENSAR_DVD_3052,S1A_IW_SLC__1SDV_20200928T171759_20200928T171831_034562_0405EA_2228,DV,1,0.5,123.1086,4,Ship_4,,True,MEDIUM,9999.99
test,DB_OPENSAR_VD_3058.xml,DB_OPENSAR_DVD_3058,S1A_IW_SLC__1SDV_20200928T171759_20200928T171831_034562_0405EA_2228,DV,1,1.5,105.246,2,Ship_1,,False,MEDIUM,9999.99
test,DB_OPENSAR_VD_3058.xml,DB_OPENSAR_DVD_3058,S1A_IW_SLC__1SDV_20200928T171759_20200928T171831_034562_0405EA_2228,DV,1,1.5,105.246,2,Ship_2,44.22781226,True,HIGH,9999.99
test,DB_OPENSAR_VD_3060.xml,DB_OPENSAR_DVD_3060,S1A_IW_SLC__1SDV_20200928T171759_20200928T171831_034562_0405EA_2228,DV,1,1.2,89.2719,3,Ship_1,,True,MEDIUM,9999.99
test,DB_OPENSAR_VD_3060.xml,DB_OPENSAR_DVD_3060,S1A_IW_SLC__1SDV_20200928T171759_20200928T171831_034562_0405EA_2228,DV,1,1.2,89.2719,3,Ship_2,51.76484411,True,HIGH,9999.99
test,DB_OPENSAR_VD_3060.xml,DB_OPENSAR_DVD_3060,S1A_IW_SLC__1SDV_20200928T171759_20200928T171831_034562_0405EA_2228,DV,1,1.2,89.2719,3,Ship_3,29.07625394,True,HIGH,9999.99
test,DB_OPENSAR_VD_3067.xml,DB_OPENSAR_DVD_3067,S1A_IW_SLC__1SDV_20200928T171759_20200928T171831_034562_0405EA_2228,DV,1,2.7,65.5186,2,Ship_1,173.7206215,True,HIGH,9999.99
test,DB_OPENSAR_VD_3067.xml,DB_OPENSAR_DVD_3067,S1A_IW_SLC__1SDV_20200928T171759_20200928T171831_034562_0405EA_2228,DV,1,2.7,65.5186,2,Ship_2,67.24814769,True,MEDIUM,9999.99
test,DB_OPENSAR_VD_3072.xml,DB_OPENSAR_DVD_3072,S1A_IW_SLC__1SDV_20200928T171759_20200928T171831_034562_0405EA_2228,DV,1,3.8,66.6325,1,Ship_1,159.334946,True,HIGH,9999.99
test,DB_OPENSAR_VD_3075.xml,DB_OPENSAR_DVD_3075,S1A_IW_SLC__1SDV_20200928T171759_20200928T171831_034562_0405EA_2228,DV,1,3.0,93.5584,1,Ship_1,101.1522839,True,HIGH,9999.99
test,DB_OPENSAR_VD_3076.xml,DB_OPENSAR_DVD_3076,S1A_IW_SLC__1SDV_20200928T171759_20200928T171831_034562_0405EA_2228,DV,1,2.8,66.6767,1,Ship_1,143.2312341,True,HIGH,9999.99
test,DB_OPENSAR_VD_3093.xml,DB_OPENSAR_DVD_3093,S1A_IW_SLC__1SDV_20200928T171759_20200928T171831_034562_0405EA_2228,DV,1,3.9,96.8424,1,Ship_1,156.2191358,True,HIGH,9999.99
test,DB_OPENSAR_VD_3103.xml,DB_OPENSAR_DVD_3103,S1A_IW_SLC__1SDV_20200928T171759_20200928T171831_034562_0405EA_2228,DV,2,3.9,78.168,1,Ship_1,76.51900075,True,HIGH,9999.99
test,DB_OPENSAR_VD_3107.xml,DB_OPENSAR_DVD_3107,S1A_IW_SLC__1SDV_20200928T171759_20200928T171831_034562_0405EA_2228,DV,2,3.5,67.1685,1,Ship_1,125.3430727,True,HIGH,9999.99
test,DB_OPENSAR_VD_3108.xml,DB_OPENSAR_DVD_3108,S1A_IW_SLC__1SDV_20200928T171759_20200928T171831_034562_0405EA_2228,DV,2,4.2,86.2248,1,Ship_1,63.80554525,True,HIGH,9999.99
test,DB_OPENSAR_VD_3110.xml,DB_OPENSAR_DVD_3110,S1A_IW_SLC__1SDV_20200928T171759_20200928T171831_034562_0405EA_2228,DV,2,4.5,90.2592,1,Ship_1,55.66231342,True,HIGH,9999.99
test,DB_OPENSAR_VD_3111.xml,DB_OPENSAR_DVD_3111,S1A_IW_SLC__1SDV_20200928T171759_20200928T171831_034562_0405EA_2228,DV,2,4.5,83.2347,1,Ship_1,124.065939,True,HIGH,9999.99
test,DB_OPENSAR_VD_3116.xml,DB_OPENSAR_DVD_3116,S1A_IW_SLC__1SDV_20200928T171759_20200928T171831_034562_0405EA_2228,DV,2,5.1,97.4331,1,Ship_1,147.7701642,True,HIGH,9999.99
test,DB_OPENSAR_VD_3118.xml,DB_OPENSAR_DVD_3118,S1A_IW_SLC__1SDV_20200928T171759_20200928T171831_034562_0405EA_2228,DV,2,6.6,100.4855,1,Ship_1,79.67955921,True,MEDIUM,9999.99
test,DB_OPENSAR_VD_3119.xml,DB_OPENSAR_DVD_3119,S1A_IW_SLC__1SDV_20200928T171759_20200928T171831_034562_0405EA_2228,DV,2,5.8,98.4584,1,Ship_1,156.1540499,True,HIGH,9999.99
test,DB_OPENSAR_VD_3123.xml,DB_OPENSAR_DVD_3123,S1A_IW_SLC__1SDV_20200928T171759_20200928T171831_034562_0405EA_2228,DV,2,5.4,94.4712,3,Ship_1,,True,MEDIUM,9999.99
test,DB_OPENSAR_VD_3123.xml,DB_OPENSAR_DVD_3123,S1A_IW_SLC__1SDV_20200928T171759_20200928T171831_034562_0405EA_2228,DV,2,5.4,94.4712,3,Ship_2,166.4344138,True,HIGH,9999.99
test,DB_OPENSAR_VD_3123.xml,DB_OPENSAR_DVD_3123,S1A_IW_SLC__1SDV_20200928T171759_20200928T171831_034562_0405EA_2228,DV,2,5.4,94.4712,3,Ship_3,30.15,True,HIGH,9999.99
test,DB_OPENSAR_VD_3128.xml,DB_OPENSAR_DVD_3128,S1A_IW_SLC__1SDV_20200928T171759_20200928T171831_034562_0405EA_2228,DV,2,5.4,93.4713,1,Ship_1,157.226404,True,HIGH,9999.99
test,DB_OPENSAR_VD_3130.xml,DB_OPENSAR_DVD_3130,S1A_IW_SLC__1SDV_20200928T171759_20200928T171831_034562_0405EA_2228,DV,2,7.2,108.5676,1,Ship_1,214.0,True,HIGH,9999.99
test,DB_OPENSAR_VD_3144.xml,DB_OPENSAR_DVD_3144,S1A_IW_SLC__1SDV_20200928T171759_20200928T171831_034562_0405EA_2228,DV,2,5.6,95.6288,1,Ship_1,153.5597576,True,HIGH,9999.99
test,DB_OPENSAR_VD_3145.xml,DB_OPENSAR_DVD_3145,S1A_IW_SLC__1SDV_20200928T171759_20200928T171831_034562_0405EA_2228,DV,2,6.6,87.6039,1,Ship_1,151.0733161,True,HIGH,9999.99
test,DB_OPENSAR_VD_3159.xml,DB_OPENSAR_DVD_3159,S1A_IW_SLC__1SDV_20200928T171759_20200928T171831_034562_0405EA_2228,DV,2,6.4,95.7262,1,Ship_1,219.8118032,True,HIGH,9999.99
test,DB_OPENSAR_VD_3167.xml,DB_OPENSAR_DVD_3167,S1A_IW_SLC__1SDV_20200928T171759_20200928T171831_034562_0405EA_2228,DV,2,6.7,120.7965,1,Ship_1,104.2494713,True,HIGH,9999.99
train,DB_OPENSAR_VD_317.xml,DB_OPENSAR_DVD_317,S1A_IW_SLC__1SDV_20200407T052956_20200407T053026_032017_03B2E2_18FA,DV,1,3.6,283.6501,2,Ship_1,46.353204,True,HIGH,9999.99
train,DB_OPENSAR_VD_317.xml,DB_OPENSAR_DVD_317,S1A_IW_SLC__1SDV_20200407T052956_20200407T053026_032017_03B2E2_18FA,DV,1,3.6,283.6501,2,Ship_2,24.53565754,False,HIGH,9999.99
test,DB_OPENSAR_VD_3175.xml,DB_OPENSAR_DVD_3175,S1A_IW_SLC__1SDV_20200928T171759_20200928T171831_034562_0405EA_2228,DV,2,6.5,115.8671,1,Ship_1,124.9716833,True,HIGH,9999.99
test,DB_OPENSAR_VD_3180.xml,DB_OPENSAR_DVD_3180,S1A_IW_SLC__1SDV_20200928T171759_20200928T171831_034562_0405EA_2228,DV,2,5.3,111.8824,1,Ship_1,138.4401583,True,HIGH,9999.99
test,DB_OPENSAR_VD_3197.xml,DB_OPENSAR_DVD_3197,S1A_IW_SLC__1SDV_20200928T171759_20200928T171831_034562_0405EA_2228,DV,2,5.7,108.9964,1,Ship_1,132.764217,True,HIGH,9999.99
test,DB_OPENSAR_VD_3198.xml,DB_OPENSAR_DVD_3198,S1A_IW_SLC__1SDV_20200928T171759_20200928T171831_034562_0405EA_2228,DV,2,6.8,104.9897,1,Ship_1,123.4414165,True,HIGH,9999.99
test,DB_OPENSAR_VD_3266.xml,DB_OPENSAR_DVD_3266,S1A_IW_SLC__1SDV_20200928T171759_20200928T171831_034562_0405EA_2228,DV,3,20.3,82.4909,1,Ship_1,275.9554296,True,HIGH,9999.99
train,DB_OPENSAR_VD_328.xml,DB_OPENSAR_DVD_328,S1A_IW_SLC__1SDV_20200407T052956_20200407T053026_032017_03B2E2_18FA,DV,1,2.9,298.6439,1,Ship_1,48.95971407,True,HIGH,9999.99
test,DB_OPENSAR_VD_3280.xml,DB_OPENSAR_DVD_3280,S1A_IW_SLC__1SDV_20200928T171759_20200928T171831_034562_0405EA_2228,DV,3,3.7,121.7622,1,Ship_1,53.78831449,True,HIGH,9.92225
train,DB_OPENSAR_VD_329.xml,DB_OPENSAR_DVD_329,S1A_IW_SLC__1SDV_20200407T052956_20200407T053026_032017_03B2E2_18FA,DV,1,2.6,295.6591,1,Ship_1,93.73642103,True,HIGH,9999.99
test,DB_OPENSAR_VD_34.xml,DB_OPENSAR_DVD_34,S1A_IW_SLC__1SDV_20200126T052956_20200126T053026_030967_038E50_4681,DV,1,2.4,20.6363,3,Ship_1,,False,HIGH,7.26109
test,DB_OPENSAR_VD_34.xml,DB_OPENSAR_DVD_34,S1A_IW_SLC__1SDV_20200126T052956_20200126T053026_030967_038E50_4681,DV,1,2.4,20.6363,3,Ship_2,,True,LOW,6.77476
test,DB_OPENSAR_VD_34.xml,DB_OPENSAR_DVD_34,S1A_IW_SLC__1SDV_20200126T052956_20200126T053026_030967_038E50_4681,DV,1,2.4,20.6363,3,Ship_3,,False,HIGH,6.3515
train,DB_OPENSAR_VD_341.xml,DB_OPENSAR_DVD_341,S1A_IW_SLC__1SDV_20200407T052956_20200407T053026_032017_03B2E2_18FA,DV,1,2.4,294.65,1,Ship_1,102.0020209,True,HIGH,9999.99
train,DB_OPENSAR_VD_342.xml,DB_OPENSAR_DVD_342,S1A_IW_SLC__1SDV_20200407T052956_20200407T053026_032017_03B2E2_18FA,DV,1,2.4,287.6569,1,Ship_1,25.59121825,True,HIGH,9999.99
test,DB_OPENSAR_VD_35.xml,DB_OPENSAR_DVD_35,S1A_IW_SLC__1SDV_20200126T052956_20200126T053026_030967_038E50_4681,DV,1,2.5,154.6594,3,Ship_1,,False,HIGH,9999.99
test,DB_OPENSAR_VD_35.xml,DB_OPENSAR_DVD_35,S1A_IW_SLC__1SDV_20200126T052956_20200126T053026_030967_038E50_4681,DV,1,2.5,154.6594,3,Ship_2,171.0262187,True,HIGH,9999.99
test,DB_OPENSAR_VD_35.xml,DB_OPENSAR_DVD_35,S1A_IW_SLC__1SDV_20200126T052956_20200126T053026_030967_038E50_4681,DV,1,2.5,154.6594,3,Ship_3,63.37536832,True,HIGH,9999.99
test,DB_OPENSAR_VD_3518.xml,DB_OPENSAR_DVD_3518,S1A_IW_SLC__1SDV_20200928T171759_20200928T171831_034562_0405EA_2228,DV,2,3.3,73.0758,1,Ship_1,125.6781311,True,HIGH,9999.99
train,DB_OPENSAR_VD_356.xml,DB_OPENSAR_DVD_356,S1A_IW_SLC__1SDV_20200407T052956_20200407T053026_032017_03B2E2_18FA,DV,1,2.6,262.6551,1,Ship_1,192.7527793,True,HIGH,9999.99
train,DB_OPENSAR_VD_358.xml,DB_OPENSAR_DVD_358,S1A_IW_SLC__1SDV_20200407T052956_20200407T053026_032017_03B2E2_18FA,DV,1,1.4,259.6027,1,Ship_1,,True,LOW,9999.99
train,DB_OPENSAR_VD_363.xml,DB_OPENSAR_DVD_363,S1A_IW_SLC__1SDV_20200407T052956_20200407T053026_032017_03B2E2_18FA,DV,1,2.4,265.6496,3,Ship_1,55.23293206,True,HIGH,9999.99
train,DB_OPENSAR_VD_363.xml,DB_OPENSAR_DVD_363,S1A_IW_SLC__1SDV_20200407T052956_20200407T053026_032017_03B2E2_18FA,DV,1,2.4,265.6496,3,Ship_2,40.52674235,True,HIGH,9999.99
train,DB_OPENSAR_VD_363.xml,DB_OPENSAR_DVD_363,S1A_IW_SLC__1SDV_20200407T052956_20200407T053026_032017_03B2E2_18FA,DV,1,2.4,265.6496,3,Ship_3,,False,HIGH,9999.99
val,DB_OPENSAR_VD_3649.xml,DB_OPENSAR_DVD_3649,S1A_IW_SLC__1SDV_20201121T175319_20201121T175346_035350_04214D_710B,DV,1,4.6,245.3021,2,Ship_1,78.3001505,True,HIGH,9999.99
val,DB_OPENSAR_VD_3649.xml,DB_OPENSAR_DVD_3649,S1A_IW_SLC__1SDV_20201121T175319_20201121T175346_035350_04214D_710B,DV,1,4.6,245.3021,2,Ship_2,42.19357472,True,HIGH,9999.99
val,DB_OPENSAR_VD_3661.xml,DB_OPENSAR_DVD_3661,S1A_IW_SLC__1SDV_20201121T175319_20201121T175346_035350_04214D_710B,DV,1,3.4,240.3333,1,Ship_1,57.85863893,True,HIGH,9999.99
val,DB_OPENSAR_VD_3662.xml,DB_OPENSAR_DVD_3662,S1A_IW_SLC__1SDV_20201121T175319_20201121T175346_035350_04214D_710B,DV,1,3.2,243.3509,2,Ship_1,,True,MEDIUM,9999.99
val,DB_OPENSAR_VD_3662.xml,DB_OPENSAR_DVD_3662,S1A_IW_SLC__1SDV_20201121T175319_20201121T175346_035350_04214D_710B,DV,1,3.2,243.3509,2,Ship_2,65.38565012,True,HIGH,9999.99
val,DB_OPENSAR_VD_3669.xml,DB_OPENSAR_DVD_3669,S1A_IW_SLC__1SDV_20201121T175319_20201121T175346_035350_04214D_710B,DV,1,3.8,246.356,2,Ship_1,44.8945894,True,HIGH,9999.99
val,DB_OPENSAR_VD_3669.xml,DB_OPENSAR_DVD_3669,S1A_IW_SLC__1SDV_20201121T175319_20201121T175346_035350_04214D_710B,DV,1,3.8,246.356,2,Ship_2,189.9558819,True,HIGH,9999.99
train,DB_OPENSAR_VD_367.xml,DB_OPENSAR_DVD_367,S1A_IW_SLC__1SDV_20200407T052956_20200407T053026_032017_03B2E2_18FA,DV,1,2.3,262.6478,1,Ship_1,36.43585532,True,HIGH,9999.99
val,DB_OPENSAR_VD_3672.xml,DB_OPENSAR_DVD_3672,S1A_IW_SLC__1SDV_20201121T175319_20201121T175346_035350_04214D_710B,DV,1,2.2,237.3568,1,Ship_1,240.1687969,True,HIGH,9999.99
val,DB_OPENSAR_VD_3691.xml,DB_OPENSAR_DVD_3691,S1A_IW_SLC__1SDV_20201121T175319_20201121T175346_035350_04214D_710B,DV,1,3.5,241.3717,2,Ship_1,112.5886863,True,HIGH,9999.99
val,DB_OPENSAR_VD_3691.xml,DB_OPENSAR_DVD_3691,S1A_IW_SLC__1SDV_20201121T175319_20201121T175346_035350_04214D_710B,DV,1,3.5,241.3717,2,Ship_2,26.74146001,True,HIGH,9999.99
val,DB_OPENSAR_VD_3704.xml,DB_OPENSAR_DVD_3704,S1A_IW_SLC__1SDV_20201121T175319_20201121T175346_035350_04214D_710B,DV,1,4.1,246.357,1,Ship_1,49.49487745,True,MEDIUM,9999.99
val,DB_OPENSAR_VD_3719.xml,DB_OPENSAR_DVD_3719,S1A_IW_SLC__1SDV_20201121T175319_20201121T175346_035350_04214D_710B,DV,1,5.4,243.3711,1,Ship_1,108.8920248,True,HIGH,9999.99
val,DB_OPENSAR_VD_3724.xml,DB_OPENSAR_DVD_3724,S1A_IW_SLC__1SDV_20201121T175319_20201121T175346_035350_04214D_710B,DV,1,4.7,244.3423,2,Ship_1,68.48857345,False,HIGH,9999.99
val,DB_OPENSAR_VD_3724.xml,DB_OPENSAR_DVD_3724,S1A_IW_SLC__1SDV_20201121T175319_20201121T175346_035350_04214D_710B,DV,1,4.7,244.3423,2,Ship_2,56.43984141,True,HIGH,9999.99
val,DB_OPENSAR_VD_3729.xml,DB_OPENSAR_DVD_3729,S1A_IW_SLC__1SDV_20201121T175319_20201121T175346_035350_04214D_710B,DV,1,4.6,248.3439,3,Ship_1,43.36268531,True,MEDIUM,9999.99
val,DB_OPENSAR_VD_3729.xml,DB_OPENSAR_DVD_3729,S1A_IW_SLC__1SDV_20201121T175319_20201121T175346_035350_04214D_710B,DV,1,4.6,248.3439,3,Ship_2,64.21698993,True,HIGH,9999.99
val,DB_OPENSAR_VD_3729.xml,DB_OPENSAR_DVD_3729,S1A_IW_SLC__1SDV_20201121T175319_20201121T175346_035350_04214D_710B,DV,1,4.6,248.3439,3,Ship_3,114.5023511,False,HIGH,9999.99
val,DB_OPENSAR_VD_3732.xml,DB_OPENSAR_DVD_3732,S1A_IW_SLC__1SDV_20201121T175319_20201121T175346_035350_04214D_710B,DV,1,4.9,251.3455,1,Ship_1,68.36835452,True,HIGH,9999.99
val,DB_OPENSAR_VD_3734.xml,DB_OPENSAR_DVD_3734,S1A_IW_SLC__1SDV_20201121T175319_20201121T175346_035350_04214D_710B,DV,1,4.0,237.3779,2,Ship_1,,True,LOW,9999.99
val,DB_OPENSAR_VD_3734.xml,DB_OPENSAR_DVD_3734,S1A_IW_SLC__1SDV_20201121T175319_20201121T175346_035350_04214D_710B,DV,1,4.0,237.3779,2,Ship_2,,True,MEDIUM,9999.99
val,DB_OPENSAR_VD_3753.xml,DB_OPENSAR_DVD_3753,S1A_IW_SLC__1SDV_20201121T175319_20201121T175346_035350_04214D_710B,DV,2,,,1,Ship_1,90.93657726,True,MEDIUM,0.71017
train,DB_OPENSAR_VD_376.xml,DB_OPENSAR_DVD_376,S1A_IW_SLC__1SDV_20200407T052956_20200407T053026_032017_03B2E2_18FA,DV,2,2.4,291.5577,1,Ship_1,75.62173946,True,HIGH,9999.99
test,DB_OPENSAR_VD_38.xml,DB_OPENSAR_DVD_38,S1A_IW_SLC__1SDV_20200126T052956_20200126T053026_030967_038E50_4681,DV,1,2.6,170.6577,2,Ship_1,,False,HIGH,9999.99
test,DB_OPENSAR_VD_38.xml,DB_OPENSAR_DVD_38,S1A_IW_SLC__1SDV_20200126T052956_20200126T053026_030967_038E50_4681,DV,1,2.6,170.6577,2,Ship_2,49.34071211,True,HIGH,9999.99
train,DB_OPENSAR_VD_381.xml,DB_OPENSAR_DVD_381,S1A_IW_SLC__1SDV_20200407T052956_20200407T053026_032017_03B2E2_18FA,DV,2,2.7,297.5514,2,Ship_1,85.0919039,True,HIGH,9999.99
train,DB_OPENSAR_VD_381.xml,DB_OPENSAR_DVD_381,S1A_IW_SLC__1SDV_20200407T052956_20200407T053026_032017_03B2E2_18FA,DV,2,2.7,297.5514,2,Ship_2,45.54849314,True,HIGH,9999.99
train,DB_OPENSAR_VD_383.xml,DB_OPENSAR_DVD_383,S1A_IW_SLC__1SDV_20200407T052956_20200407T053026_032017_03B2E2_18FA,DV,2,2.0,263.4471,1,Ship_1,62.29774633,True,HIGH,5.14297
train,DB_OPENSAR_VD_385.xml,DB_OPENSAR_DVD_385,S1A_IW_SLC__1SDV_20200407T052956_20200407T053026_032017_03B2E2_18FA,DV,2,3.0,250.4539,1,Ship_1,79.22458298,True,HIGH,9.45046
train,DB_OPENSAR_VD_3935.xml,DB_OPENSAR_DVD_3935,S1B_IW_SLC__1SDV_20200511T062006_20200511T062033_021530_028E04_7727,DV,1,14.7,328.7694,1,Ship_1,76.13125622,True,MEDIUM,9999.99
train,DB_OPENSAR_VD_3936.xml,DB_OPENSAR_DVD_3936,S1B_IW_SLC__1SDV_20200511T062006_20200511T062033_021530_028E04_7727,DV,1,12.3,334.5403,2,Ship_1,,False,HIGH,9999.99
train,DB_OPENSAR_VD_3936.xml,DB_OPENSAR_DVD_3936,S1B_IW_SLC__1SDV_20200511T062006_20200511T062033_021530_028E04_7727,DV,1,12.3,334.5403,2,Ship_2,74.02784235,True,HIGH,9999.99
train,DB_OPENSAR_VD_3940.xml,DB_OPENSAR_DVD_3940,S1B_IW_SLC__1SDV_20200511T062006_20200511T062033_021530_028E04_7727,DV,1,13.5,333.3885,1,Ship_1,216.2569695,True,HIGH,9999.99
train,DB_OPENSAR_VD_3941.xml,DB_OPENSAR_DVD_3941,S1B_IW_SLC__1SDV_20200511T062006_20200511T062033_021530_028E04_7727,DV,1,12.5,336.3918,1,Ship_1,78.94750942,True,HIGH,9999.99
train,DB_OPENSAR_VD_3942.xml,DB_OPENSAR_DVD_3942,S1B_IW_SLC__1SDV_20200511T062006_20200511T062033_021530_028E04_7727,DV,1,12.5,335.3465,1,Ship_1,,True,MEDIUM,9999.99
train,DB_OPENSAR_VD_3944.xml,DB_OPENSAR_DVD_3944,S1B_IW_SLC__1SDV_20200511T062006_20200511T062033_021530_028E04_7727,DV,1,13.3,334.3163,3,Ship_1,,True,MEDIUM,9999.99
train,DB_OPENSAR_VD_3944.xml,DB_OPENSAR_DVD_3944,S1B_IW_SLC__1SDV_20200511T062006_20200511T062033_021530_028E04_7727,DV,1,13.3,334.3163,3,Ship_2,74.12600747,True,HIGH,9999.99
train,DB_OPENSAR_VD_3944.xml,DB_OPENSAR_DVD_3944,S1B_IW_SLC__1SDV_20200511T062006_20200511T062033_021530_028E04_7727,DV,1,13.3,334.3163,3,Ship_3,46.46462683,False,HIGH,9999.99
train,DB_OPENSAR_VD_395.xml,DB_OPENSAR_DVD_395,S1A_IW_SLC__1SDV_20200407T052956_20200407T053026_032017_03B2E2_18FA,DV,2,2.4,239.4837,1,Ship_1,77.67846521,True,HIGH,9999.99
train,DB_OPENSAR_VD_3954.xml,DB_OPENSAR_DVD_3954,S1B_IW_SLC__1SDV_20200511T062006_20200511T062033_021530_028E04_7727,DV,1,12.2,335.985,1,Ship_1,82.0462125,True,HIGH,9999.99
train,DB_OPENSAR_VD_3958.xml,DB_OPENSAR_DVD_3958,S1B_IW_SLC__1SDV_20200511T062006_20200511T062033_021530_028E04_7727,DV,1,12.7,336.0131,2,Ship_1,,True,LOW,9999.99
train,DB_OPENSAR_VD_3958.xml,DB_OPENSAR_DVD_3958,S1B_IW_SLC__1SDV_20200511T062006_20200511T062033_021530_028E04_7727,DV,1,12.7,336.0131,2,Ship_2,,True,LOW,9999.99
train,DB_OPENSAR_VD_3960.xml,DB_OPENSAR_DVD_3960,S1B_IW_SLC__1SDV_20200511T062006_20200511T062033_021530_028E04_7727,DV,1,10.1,340.9236,1,Ship_1,78.50621689,True,HIGH,9999.99
train,DB_OPENSAR_VD_3963.xml,DB_OPENSAR_DVD_3963,S1B_IW_SLC__1SDV_20200511T062006_20200511T062033_021530_028E04_7727,DV,1,11.5,336.8934,1,Ship_1,32.60598305,True,LOW,9999.99
train,DB_OPENSAR_VD_3965.xml,DB_OPENSAR_DVD_3965,S1B_IW_SLC__1SDV_20200511T062006_20200511T062033_021530_028E04_7727,DV,1,12.0,334.735,2,Ship_1,,False,LOW,9999.99
train,DB_OPENSAR_VD_3965.xml,DB_OPENSAR_DVD_3965,S1B_IW_SLC__1SDV_20200511T062006_20200511T062033_021530_028E04_7727,DV,1,12.0,334.735,2,Ship_2,77.97162378,True,HIGH,9999.99
train,DB_OPENSAR_VD_3967.xml,DB_OPENSAR_DVD_3967,S1B_IW_SLC__1SDV_20200511T062006_20200511T062033_021530_028E04_7727,DV,1,12.0,338.8328,1,Ship_1,56.86001209,True,MEDIUM,9999.99
train,DB_OPENSAR_VD_3968.xml,DB_OPENSAR_DVD_3968,S1B_IW_SLC__1SDV_20200511T062006_20200511T062033_021530_028E04_7727,DV,1,10.5,336.6741,1,Ship_1,78.45293923,True,HIGH,9999.99
train,DB_OPENSAR_VD_397.xml,DB_OPENSAR_DVD_397,S1A_IW_SLC__1SDV_20200407T052956_20200407T053026_032017_03B2E2_18FA,DV,3,2.7,238.4832,1,Ship_1,77.67846521,True,HIGH,9999.99
train,DB_OPENSAR_VD_3975.xml,DB_OPENSAR_DVD_3975,S1B_IW_SLC__1SDV_20200511T062006_20200511T062033_021530_028E04_7727,DV,1,10.8,340.6352,1,Ship_1,,True,MEDIUM,9999.99
train,DB_OPENSAR_VD_3976.xml,DB_OPENSAR_DVD_3976,S1B_IW_SLC__1SDV_20200511T062006_20200511T062033_021530_028E04_7727,DV,1,10.6,341.6252,2,Ship_1,,True,MEDIUM,9999.99
train,DB_OPENSAR_VD_3976.xml,DB_OPENSAR_DVD_3976,S1B_IW_SLC__1SDV_20200511T062006_20200511T062033_021530_028E04_7727,DV,1,10.6,341.6252,2,Ship_2,81.84010459,True,HIGH,9999.99
train,DB_OPENSAR_VD_3982.xml,DB_OPENSAR_DVD_3982,S1B_IW_SLC__1SDV_20200511T062006_20200511T062033_021530_028E04_7727,DV,2,11.0,339.4703,1,Ship_1,90.0,True,HIGH,9999.99
train,DB_OPENSAR_VD_3988.xml,DB_OPENSAR_DVD_3988,S1B_IW_SLC__1SDV_20200511T062006_20200511T062033_021530_028E04_7727,DV,2,9.0,338.4672,1,Ship_1,,True,MEDIUM,9999.99
train,DB_OPENSAR_VD_3989.xml,DB_OPENSAR_DVD_3989,S1B_IW_SLC__1SDV_20200511T062006_20200511T062033_021530_028E04_7727,DV,2,9.0,338.5863,1,Ship_1,97.81582754,True,HIGH,9999.99
train,DB_OPENSAR_VD_3990.xml,DB_OPENSAR_DVD_3990,S1B_IW_SLC__1SDV_20200511T062006_20200511T062033_021530_028E04_7727,DV,2,9.3,338.538,1,Ship_1,51.03224118,True,HIGH,9999.99
train,DB_OPENSAR_VD_4004.xml,DB_OPENSAR_DVD_4004,S1B_IW_SLC__1SDV_20200511T062006_20200511T062033_021530_028E04_7727,DV,3,9.7,326.5931,1,Ship_1,60.78261436,True,HIGH,9999.99
train,DB_OPENSAR_VD_4007.xml,DB_OPENSAR_DVD_4007,S1B_IW_SLC__1SDV_20200511T062006_20200511T062033_021530_028E04_7727,DV,3,7.3,321.587,1,Ship_1,60.9,True,HIGH,3.15765
train,DB_OPENSAR_VD_4008.xml,DB_OPENSAR_DVD_4008,S1B_IW_SLC__1SDV_20200511T062006_20200511T062033_021530_028E04_7727,DV,3,8.5,319.5774,1,Ship_1,48.567453,True,HIGH,3.66969
train,DB_OPENSAR_VD_4086.xml,DB_OPENSAR_DVD_4086,S1B_IW_SLC__1SDV_20200511T062006_20200511T062033_021530_028E04_7727,DV,3,9.8,325.9432,1,Ship_1,220.4191945,True,HIGH,9999.99
train,DB_OPENSAR_VD_409.xml,DB_OPENSAR_DVD_409,S1A_IW_SLC__1SDV_20200407T052956_20200407T053026_032017_03B2E2_18FA,DV,3,2.6,249.4199,1,Ship_1,,True,MEDIUM,5.10108
train,DB_OPENSAR_VD_414.xml,DB_OPENSAR_DVD_414,S1A_IW_SLC__1SDV_20200407T052956_20200407T053026_032017_03B2E2_18FA,DV,3,1.8,209.4347,1,Ship_1,157.4122459,True,HIGH,9999.99
train,DB_OPENSAR_VD_420.xml,DB_OPENSAR_DVD_420,S1A_IW_SLC__1SDV_20200407T052956_20200407T053026_032017_03B2E2_18FA,DV,3,2.3,208.433,1,Ship_1,139.2797659,True,HIGH,9999.99
train,DB_OPENSAR_VD_4251.xml,DB_OPENSAR_DVD_4251,S1B_IW_SLC__1SDV_20200514T051033_20200514T051100_021573_028F48_FFD5,DV,1,5.5,125.0711,1,Ship_1,128.2108857,True,HIGH,9999.99
train,DB_OPENSAR_VD_4260.xml,DB_OPENSAR_DVD_4260,S1B_IW_SLC__1SDV_20200514T051033_20200514T051100_021573_028F48_FFD5,DV,1,3.9,128.9499,1,Ship_1,141.0,True,HIGH,9999.99
train,DB_OPENSAR_VD_4269.xml,DB_OPENSAR_DVD_4269,S1B_IW_SLC__1SDV_20200514T051033_20200514T051100_021573_028F48_FFD5,DV,1,4.3,130.8136,1,Ship_1,110.1513281,True,HIGH,9999.99
train,DB_OPENSAR_VD_4273.xml,DB_OPENSAR_DVD_4273,S1B_IW_SLC__1SDV_20200514T051033_20200514T051100_021573_028F48_FFD5,DV,1,4.2,130.8004,1,Ship_1,127.3585621,True,HIGH,9999.99
train,DB_OPENSAR_VD_4287.xml,DB_OPENSAR_DVD_4287,S1B_IW_SLC__1SDV_20200514T051033_20200514T051100_021573_028F48_FFD5,DV,1,3.2,81.7142,1,Ship_1,184.7400112,True,HIGH,9999.99
train,DB_OPENSAR_VD_4316.xml,DB_OPENSAR_DVD_4316,S1B_IW_SLC__1SDV_20200514T051033_20200514T051100_021573_028F48_FFD5,DV,2,3.1,42.2408,1,Ship_1,148.7505863,True,HIGH,9999.99
train,DB_OPENSAR_VD_4320.xml,DB_OPENSAR_DVD_4320,S1B_IW_SLC__1SDV_20200514T051033_20200514T051100_021573_028F48_FFD5,DV,2,3.7,63.0985,1,Ship_1,153.4521084,True,HIGH,9999.99
train,DB_OPENSAR_VD_435.xml,DB_OPENSAR_DVD_435,S1A_IW_SLC__1SDV_20200407T052956_20200407T053026_032017_03B2E2_18FA,DV,3,2.0,282.5504,1,Ship_1,134.4780714,True,HIGH,9999.99
train,DB_OPENSAR_VD_4366.xml,DB_OPENSAR_DVD_4366,S1B_IW_SLC__1SDV_20200514T051033_20200514T051100_021573_028F48_FFD5,DV,2,3.0,85.941,1,Ship_1,218.1156315,True,HIGH,9.19935
train,DB_OPENSAR_VD_4375.xml,DB_OPENSAR_DVD_4375,S1B_IW_SLC__1SDV_20200514T051033_20200514T051100_021573_028F48_FFD5,DV,2,,,1,Ship_1,140.1275749,True,HIGH,4.47464
train,DB_OPENSAR_VD_4379.xml,DB_OPENSAR_DVD_4379,S1B_IW_SLC__1SDV_20200514T051033_20200514T051100_021573_028F48_FFD5,DV,2,2.5,123.7678,1,Ship_1,25.5,True,HIGH,9999.99
train,DB_OPENSAR_VD_4404.xml,DB_OPENSAR_DVD_4404,S1B_IW_SLC__1SDV_20200514T051033_20200514T051100_021573_028F48_FFD5,DV,3,2.3,127.1414,1,Ship_1,110.8202085,True,HIGH,9999.99
train,DB_OPENSAR_VD_441.xml,DB_OPENSAR_DVD_441,S1A_IW_SLC__1SDV_20200407T052956_20200407T053026_032017_03B2E2_18FA,DV,3,2.2,215.4268,3,Ship_1,179.084553,True,HIGH,9999.99
train,DB_OPENSAR_VD_441.xml,DB_OPENSAR_DVD_441,S1A_IW_SLC__1SDV_20200407T052956_20200407T053026_032017_03B2E2_18FA,DV,3,2.2,215.4268,3,Ship_2,100.532141,True,HIGH,9999.99
train,DB_OPENSAR_VD_441.xml,DB_OPENSAR_DVD_441,S1A_IW_SLC__1SDV_20200407T052956_20200407T053026_032017_03B2E2_18FA,DV,3,2.2,215.4268,3,Ship_3,102.897871,True,HIGH,9999.99
train,DB_OPENSAR_VD_442.xml,DB_OPENSAR_DVD_442,S1A_IW_SLC__1SDV_20200407T052956_20200407T053026_032017_03B2E2_18FA,DV,3,1.3,205.436,1,Ship_1,164.3936059,True,HIGH,9999.99
train,DB_OPENSAR_VD_4432.xml,DB_OPENSAR_DVD_4432,S1B_IW_SLC__1SDV_20200514T051033_20200514T051100_021573_028F48_FFD5,DV,3,2.0,98.4139,2,Ship_1,,False,HIGH,9999.99
train,DB_OPENSAR_VD_4432.xml,DB_OPENSAR_DVD_4432,S1B_IW_SLC__1SDV_20200514T051033_20200514T051100_021573_028F48_FFD5,DV,3,2.0,98.4139,2,Ship_2,42.08637938,True,HIGH,9999.99
train,DB_OPENSAR_VD_4449.xml,DB_OPENSAR_DVD_4449,S1B_IW_SLC__1SDV_20200514T051033_20200514T051100_021573_028F48_FFD5,DV,3,1.5,130.3051,1,Ship_1,23.04,True,HIGH,9999.99
train,DB_OPENSAR_VD_4450.xml,DB_OPENSAR_DVD_4450,S1B_IW_SLC__1SDV_20200514T051033_20200514T051100_021573_028F48_FFD5,DV,3,0.2,135.1082,3,Ship_1,,True,MEDIUM,9999.99
train,DB_OPENSAR_VD_4450.xml,DB_OPENSAR_DVD_4450,S1B_IW_SLC__1SDV_20200514T051033_20200514T051100_021573_028F48_FFD5,DV,3,0.2,135.1082,3,Ship_2,,False,HIGH,9999.99
train,DB_OPENSAR_VD_4450.xml,DB_OPENSAR_DVD_4450,S1B_IW_SLC__1SDV_20200514T051033_20200514T051100_021573_028F48_FFD5,DV,3,0.2,135.1082,3,Ship_3,154.5413745,True,HIGH,9999.99
train,DB_OPENSAR_VD_4455.xml,DB_OPENSAR_DVD_4455,S1B_IW_SLC__1SDV_20200514T051033_20200514T051100_021573_028F48_FFD5,DV,3,1.2,135.2449,1,Ship_1,21.7,True,HIGH,9999.99
train,DB_OPENSAR_VD_4465.xml,DB_OPENSAR_DVD_4465,S1B_IW_SLC__1SDV_20200514T051033_20200514T051100_021573_028F48_FFD5,DV,3,0.9,108.7818,1,Ship_1,94.63824049,True,HIGH,9999.99
train,DB_OPENSAR_VD_4482.xml,DB_OPENSAR_DVD_4482,S1B_IW_SLC__1SDV_20200514T051033_20200514T051100_021573_028F48_FFD5,DV,3,0.4,205.8598,1,Ship_1,140.88,True,HIGH,9999.99
train,DB_OPENSAR_VD_449.xml,DB_OPENSAR_DVD_449,S1A_IW_SLC__1SDV_20200407T052956_20200407T053026_032017_03B2E2_18FA,DV,3,2.2,221.4233,4,Ship_1,,True,MEDIUM,9999.99
train,DB_OPENSAR_VD_449.xml,DB_OPENSAR_DVD_449,S1A_IW_SLC__1SDV_20200407T052956_20200407T053026_032017_03B2E2_18FA,DV,3,2.2,221.4233,4,Ship_2,136.7472183,True,HIGH,9.11648
train,DB_OPENSAR_VD_449.xml,DB_OPENSAR_DVD_449,S1A_IW_SLC__1SDV_20200407T052956_20200407T053026_032017_03B2E2_18FA,DV,3,2.2,221.4233,4,Ship_3,108.9856779,True,HIGH,9.94514
train,DB_OPENSAR_VD_449.xml,DB_OPENSAR_DVD_449,S1A_IW_SLC__1SDV_20200407T052956_20200407T053026_032017_03B2E2_18FA,DV,3,2.2,221.4233,4,Ship_4,92.09711576,True,HIGH,9999.99
train,DB_OPENSAR_VD_4491.xml,DB_OPENSAR_DVD_4491,S1B_IW_SLC__1SDV_20200514T051033_20200514T051100_021573_028F48_FFD5,DV,3,0.5,165.0735,1,Ship_1,20.11316754,True,MEDIUM,9999.99
test,DB_OPENSAR_VD_45.xml,DB_OPENSAR_DVD_45,S1A_IW_SLC__1SDV_20200126T052956_20200126T053026_030967_038E50_4681,DV,1,0.2,241.6516,1,Ship_1,56.06938899,True,HIGH,9999.99
train,DB_OPENSAR_VD_450.xml,DB_OPENSAR_DVD_450,S1A_IW_SLC__1SDV_20200407T052956_20200407T053026_032017_03B2E2_18FA,DV,3,1.8,207.4324,3,Ship_1,,False,LOW,9999.99
train,DB_OPENSAR_VD_450.xml,DB_OPENSAR_DVD_450,S1A_IW_SLC__1SDV_20200407T052956_20200407T053026_032017_03B2E2_18FA,DV,3,1.8,207.4324,3,Ship_2,184.2269777,True,HIGH,9999.99
train,DB_OPENSAR_VD_450.xml,DB_OPENSAR_DVD_450,S1A_IW_SLC__1SDV_20200407T052956_20200407T053026_032017_03B2E2_18FA,DV,3,1.8,207.4324,3,Ship_3,112.0806619,True,HIGH,9999.99
train,DB_OPENSAR_VD_455.xml,DB_OPENSAR_DVD_455,S1A_IW_SLC__1SDV_20200407T052956_20200407T053026_032017_03B2E2_18FA,DV,3,1.6,214.4316,1,Ship_1,134.9537998,True,HIGH,9999.99
train,DB_OPENSAR_VD_464.xml,DB_OPENSAR_DVD_464,S1A_IW_SLC__1SDV_20200407T052956_20200407T053026_032017_03B2E2_18FA,DV,3,2.7,231.418,2,Ship_1,162.1382085,True,HIGH,9999.99
train,DB_OPENSAR_VD_464.xml,DB_OPENSAR_DVD_464,S1A_IW_SLC__1SDV_20200407T052956_20200407T053026_032017_03B2E2_18FA,DV,3,2.7,231.418,2,Ship_2,181.9685092,True,HIGH,9.00693
train,DB_OPENSAR_VD_470.xml,DB_OPENSAR_DVD_470,S1A_IW_SLC__1SDV_20200407T052956_20200407T053026_032017_03B2E2_18FA,DV,3,2.6,238.4145,2,Ship_1,229.6130438,True,HIGH,9999.99
train,DB_OPENSAR_VD_470.xml,DB_OPENSAR_DVD_470,S1A_IW_SLC__1SDV_20200407T052956_20200407T053026_032017_03B2E2_18FA,DV,3,2.6,238.4145,2,Ship_2,234.0843139,True,HIGH,9999.99
train,DB_OPENSAR_VD_472.xml,DB_OPENSAR_DVD_472,S1A_IW_SLC__1SDV_20200407T052956_20200407T053026_032017_03B2E2_18FA,DV,3,2.8,238.4127,3,Ship_1,156.097763,True,HIGH,9999.99
train,DB_OPENSAR_VD_472.xml,DB_OPENSAR_DVD_472,S1A_IW_SLC__1SDV_20200407T052956_20200407T053026_032017_03B2E2_18FA,DV,3,2.8,238.4127,3,Ship_2,238.2824439,True,HIGH,9999.99
train,DB_OPENSAR_VD_472.xml,DB_OPENSAR_DVD_472,S1A_IW_SLC__1SDV_20200407T052956_20200407T053026_032017_03B2E2_18FA,DV,3,2.8,238.4127,3,Ship_3,144.3532126,True,HIGH,9.59558
train,DB_OPENSAR_VD_473.xml,DB_OPENSAR_DVD_473,S1A_IW_SLC__1SDV_20200407T052956_20200407T053026_032017_03B2E2_18FA,DV,3,2.9,226.4218,4,Ship_1,,True,LOW,9999.99
train,DB_OPENSAR_VD_473.xml,DB_OPENSAR_DVD_473,S1A_IW_SLC__1SDV_20200407T052956_20200407T053026_032017_03B2E2_18FA,DV,3,2.9,226.4218,4,Ship_2,196.9880722,True,HIGH,9999.99
train,DB_OPENSAR_VD_473.xml,DB_OPENSAR_DVD_473,S1A_IW_SLC__1SDV_20200407T052956_20200407T053026_032017_03B2E2_18FA,DV,3,2.9,226.4218,4,Ship_3,172.1970694,True,HIGH,9999.99
train,DB_OPENSAR_VD_473.xml,DB_OPENSAR_DVD_473,S1A_IW_SLC__1SDV_20200407T052956_20200407T053026_032017_03B2E2_18FA,DV,3,2.9,226.4218,4,Ship_4,192.8908221,True,HIGH,9999.99
train,DB_OPENSAR_VD_477.xml,DB_OPENSAR_DVD_477,S1A_IW_SLC__1SDV_20200407T052956_20200407T053026_032017_03B2E2_18FA,DV,3,4.8,241.421,4,Ship_1,,True,LOW,9999.99
train,DB_OPENSAR_VD_477.xml,DB_OPENSAR_DVD_477,S1A_IW_SLC__1SDV_20200407T052956_20200407T053026_032017_03B2E2_18FA,DV,3,4.8,241.421,4,Ship_2,217.0399491,True,HIGH,9999.99
train,DB_OPENSAR_VD_477.xml,DB_OPENSAR_DVD_477,S1A_IW_SLC__1SDV_20200407T052956_20200407T053026_032017_03B2E2_18FA,DV,3,4.8,241.421,4,Ship_3,188.186184,True,HIGH,9999.99
train,DB_OPENSAR_VD_477.xml,DB_OPENSAR_DVD_477,S1A_IW_SLC__1SDV_20200407T052956_20200407T053026_032017_03B2E2_18FA,DV,3,4.8,241.421,4,Ship_4,176.3538561,True,HIGH,9999.99
train,DB_OPENSAR_VD_4781.xml,DB_OPENSAR_DVD_4781,S1B_IW_SLC__1SDV_20200719T055553_20200719T055620_022536_02AC5E_ABAE,DV,1,,,1,Ship_1,167.580189,True,LOW,0.74279
train,DB_OPENSAR_VD_4788.xml,DB_OPENSAR_DVD_4788,S1B_IW_SLC__1SDV_20200719T055553_20200719T055620_022536_02AC5E_ABAE,DV,1,,,1,Ship_1,67.47160556,True,HIGH,1.62934
train,DB_OPENSAR_VD_481.xml,DB_OPENSAR_DVD_481,S1A_IW_SLC__1SDV_20200407T052956_20200407T053026_032017_03B2E2_18FA,DV,3,2.3,244.4101,4,Ship_1,175.3683777,True,HIGH,9999.99
train,DB_OPENSAR_VD_481.xml,DB_OPENSAR_DVD_481,S1A_IW_SLC__1SDV_20200407T052956_20200407T053026_032017_03B2E2_18FA,DV,3,2.3,244.4101,4,Ship_2,17.81145206,True,HIGH,9.13594
train,DB_OPENSAR_VD_481.xml,DB_OPENSAR_DVD_481,S1A_IW_SLC__1SDV_20200407T052956_20200407T053026_032017_03B2E2_18FA,DV,3,2.3,244.4101,4,Ship_3,219.0,True,HIGH,9.71238
train,DB_OPENSAR_VD_481.xml,DB_OPENSAR_DVD_481,S1A_IW_SLC__1SDV_20200407T052956_20200407T053026_032017_03B2E2_18FA,DV,3,2.3,244.4101,4,Ship_4,178.4977876,True,HIGH,9999.99
train,DB_OPENSAR_VD_482.xml,DB_OPENSAR_DVD_482,S1A_IW_SLC__1SDV_20200407T052956_20200407T053026_032017_03B2E2_18FA,DV,3,2.9,231.4192,3,Ship_1,,True,LOW,9999.99
train,DB_OPENSAR_VD_482.xml,DB_OPENSAR_DVD_482,S1A_IW_SLC__1SDV_20200407T052956_20200407T053026_032017_03B2E2_18FA,DV,3,2.9,231.4192,3,Ship_2,218.659012,True,HIGH,9999.99
train,DB_OPENSAR_VD_482.xml,DB_OPENSAR_DVD_482,S1A_IW_SLC__1SDV_20200407T052956_20200407T053026_032017_03B2E2_18FA,DV,3,2.9,231.4192,3,Ship_3,135.5449366,True,HIGH,9999.99
train,DB_OPENSAR_VD_4822.xml,DB_OPENSAR_DVD_4822,S1B_IW_SLC__1SDV_20200719T055553_20200719T055620_022536_02AC5E_ABAE,DV,2,2.2,269.2006,1,Ship_1,101.4249126,True,HIGH,9999.99
train,DB_OPENSAR_VD_4843.xml,DB_OPENSAR_DVD_4843,S1B_IW_SLC__1SDV_20200719T055553_20200719T055620_022536_02AC5E_ABAE,DV,2,2.1,272.0809,1,Ship_1,72.26381034,True,HIGH,9999.99
train,DB_OPENSAR_VD_486.xml,DB_OPENSAR_DVD_486,S1A_IW_SLC__1SDV_20200407T052956_20200407T053026_032017_03B2E2_18FA,DV,3,2.7,250.4083,3,Ship_1,175.4454546,True,HIGH,8.45015
train,DB_OPENSAR_VD_486.xml,DB_OPENSAR_DVD_486,S1A_IW_SLC__1SDV_20200407T052956_20200407T053026_032017_03B2E2_18FA,DV,3,2.7,250.4083,3,Ship_2,191.9028463,True,HIGH,9999.99
train,DB_OPENSAR_VD_486.xml,DB_OPENSAR_DVD_486,S1A_IW_SLC__1SDV_20200407T052956_20200407T053026_032017_03B2E2_18FA,DV,3,2.7,250.4083,3,Ship_3,198.0481567,True,HIGH,9999.99
train,DB_OPENSAR_VD_4867.xml,DB_OPENSAR_DVD_4867,S1B_IW_SLC__1SDV_20200719T055553_20200719T055620_022536_02AC5E_ABAE,DV,2,2.3,246.0591,2,Ship_1,104.5024797,True,HIGH,6.93091
train,DB_OPENSAR_VD_4867.xml,DB_OPENSAR_DVD_4867,S1B_IW_SLC__1SDV_20200719T055553_20200719T055620_022536_02AC5E_ABAE,DV,2,2.3,246.0591,2,Ship_2,107.1739541,True,HIGH,9.81918
train,DB_OPENSAR_VD_487.xml,DB_OPENSAR_DVD_487,S1A_IW_SLC__1SDV_20200407T052956_20200407T053026_032017_03B2E2_18FA,DV,3,2.9,226.4174,4,Ship_1,,True,LOW,9999.99
train,DB_OPENSAR_VD_487.xml,DB_OPENSAR_DVD_487,S1A_IW_SLC__1SDV_20200407T052956_20200407T053026_032017_03B2E2_18FA,DV,3,2.9,226.4174,4,Ship_2,183.3313115,True,HIGH,9999.99
train,DB_OPENSAR_VD_487.xml,DB_OPENSAR_DVD_487,S1A_IW_SLC__1SDV_20200407T052956_20200407T053026_032017_03B2E2_18FA,DV,3,2.9,226.4174,4,Ship_3,184.5410807,True,MEDIUM,9999.99
train,DB_OPENSAR_VD_487.xml,DB_OPENSAR_DVD_487,S1A_IW_SLC__1SDV_20200407T052956_20200407T053026_032017_03B2E2_18FA,DV,3,2.9,226.4174,4,Ship_4,177.4304138,True,HIGH,9999.99
test,DB_OPENSAR_VD_49.xml,DB_OPENSAR_DVD_49,S1A_IW_SLC__1SDV_20200126T052956_20200126T053026_030967_038E50_4681,DV,1,0.2,130.6498,3,Ship_1,45.39788236,True,HIGH,9999.99
test,DB_OPENSAR_VD_49.xml,DB_OPENSAR_DVD_49,S1A_IW_SLC__1SDV_20200126T052956_20200126T053026_030967_038E50_4681,DV,1,0.2,130.6498,3,Ship_2,61.84941138,True,HIGH,9999.99
test,DB_OPENSAR_VD_49.xml,DB_OPENSAR_DVD_49,S1A_IW_SLC__1SDV_20200126T052956_20200126T053026_030967_038E50_4681,DV,1,0.2,130.6498,3,Ship_3,54.03608062,False,HIGH,9999.99
train,DB_OPENSAR_VD_491.xml,DB_OPENSAR_DVD_491,S1A_IW_SLC__1SDV_20200407T052956_20200407T053026_032017_03B2E2_18FA,DV,3,2.6,225.4165,1,Ship_1,181.1001809,True,HIGH,9999.99
train,DB_OPENSAR_VD_4922.xml,DB_OPENSAR_DVD_4922,S1B_IW_SLC__1SDV_20200719T055553_20200719T055620_022536_02AC5E_ABAE,DV,2,,,2,Ship_1,199.1387875,True,MEDIUM,0.87536
train,DB_OPENSAR_VD_4922.xml,DB_OPENSAR_DVD_4922,S1B_IW_SLC__1SDV_20200719T055553_20200719T055620_022536_02AC5E_ABAE,DV,2,,,2,Ship_2,15.22527178,True,MEDIUM,0.44734
train,DB_OPENSAR_VD_4933.xml,DB_OPENSAR_DVD_4933,S1B_IW_SLC__1SDV_20200719T055553_20200719T055620_022536_02AC5E_ABAE,DV,2,3.3,200.8129,1,Ship_1,103.8726438,True,HIGH,7.93517
train,DB_OPENSAR_VD_4941.xml,DB_OPENSAR_DVD_4941,S1B_IW_SLC__1SDV_20200719T055553_20200719T055620_022536_02AC5E_ABAE,DV,2,2.9,195.7866,3,Ship_1,80.61672121,True,HIGH,9999.99
train,DB_OPENSAR_VD_4941.xml,DB_OPENSAR_DVD_4941,S1B_IW_SLC__1SDV_20200719T055553_20200719T055620_022536_02AC5E_ABAE,DV,2,2.9,195.7866,3,Ship_2,78.98804906,True,HIGH,9.54142
train,DB_OPENSAR_VD_4941.xml,DB_OPENSAR_DVD_4941,S1B_IW_SLC__1SDV_20200719T055553_20200719T055620_022536_02AC5E_ABAE,DV,2,2.9,195.7866,3,Ship_3,176.4377054,True,HIGH,9999.99
train,DB_OPENSAR_VD_4955.xml,DB_OPENSAR_DVD_4955,S1B_IW_SLC__1SDV_20200719T055553_20200719T055620_022536_02AC5E_ABAE,DV,2,,,2,Ship_1,127.5098396,True,MEDIUM,1.66343
train,DB_OPENSAR_VD_4955.xml,DB_OPENSAR_DVD_4955,S1B_IW_SLC__1SDV_20200719T055553_20200719T055620_022536_02AC5E_ABAE,DV,2,,,2,Ship_2,57.31801579,True,HIGH,2.79417
train,DB_OPENSAR_VD_4967.xml,DB_OPENSAR_DVD_4967,S1B_IW_SLC__1SDV_20200719T055553_20200719T055620_022536_02AC5E_ABAE,DV,3,2.2,208.6307,1,Ship_1,126.612639,True,HIGH,9999.99
train,DB_OPENSAR_VD_4968.xml,DB_OPENSAR_DVD_4968,S1B_IW_SLC__1SDV_20200719T055553_20200719T055620_022536_02AC5E_ABAE,DV,3,2.6,193.6375,1,Ship_1,73.03779471,True,HIGH,9999.99
train,DB_OPENSAR_VD_4969.xml,DB_OPENSAR_DVD_4969,S1B_IW_SLC__1SDV_20200719T055553_20200719T055620_022536_02AC5E_ABAE,DV,3,2.2,197.6324,1,Ship_1,79.95376367,True,HIGH,9999.99
train,DB_OPENSAR_VD_4972.xml,DB_OPENSAR_DVD_4972,S1B_IW_SLC__1SDV_20200719T055553_20200719T055620_022536_02AC5E_ABAE,DV,3,2.9,200.5711,1,Ship_1,35.47095539,True,HIGH,9999.99
train,DB_OPENSAR_VD_4982.xml,DB_OPENSAR_DVD_4982,S1B_IW_SLC__1SDV_20200719T055553_20200719T055620_022536_02AC5E_ABAE,DV,3,3.1,205.4928,1,Ship_1,216.2569695,True,HIGH,9999.99
train,DB_OPENSAR_VD_4994.xml,DB_OPENSAR_DVD_4994,S1B_IW_SLC__1SDV_20200719T055553_20200719T055620_022536_02AC5E_ABAE,DV,3,4.6,198.3184,1,Ship_1,66.33452631,True,MEDIUM,9999.99
train,DB_OPENSAR_VD_4997.xml,DB_OPENSAR_DVD_4997,S1B_IW_SLC__1SDV_20200719T055553_20200719T055620_022536_02AC5E_ABAE,DV,3,4.5,195.2724,1,Ship_1,81.36606863,True,HIGH,9999.99
train,DB_OPENSAR_VD_5000.xml,DB_OPENSAR_DVD_5000,S1B_IW_SLC__1SDV_20200719T055553_20200719T055620_022536_02AC5E_ABAE,DV,3,4.1,213.1836,1,Ship_1,69.74298417,True,HIGH,9999.99
train,DB_OPENSAR_VD_5001.xml,DB_OPENSAR_DVD_5001,S1B_IW_SLC__1SDV_20200719T055553_20200719T055620_022536_02AC5E_ABAE,DV,3,5.2,202.1434,1,Ship_1,77.70625157,True,HIGH,9999.99
train,DB_OPENSAR_VD_5003.xml,DB_OPENSAR_DVD_5003,S1B_IW_SLC__1SDV_20200719T055553_20200719T055620_022536_02AC5E_ABAE,DV,3,3.5,207.097,1,Ship_1,95.61,True,HIGH,9999.99
train,DB_OPENSAR_VD_5009.xml,DB_OPENSAR_DVD_5009,S1B_IW_SLC__1SDV_20200719T055553_20200719T055620_022536_02AC5E_ABAE,DV,3,5.7,191.0903,1,Ship_1,99.16511521,True,HIGH,9999.99
train,DB_OPENSAR_VD_5013.xml,DB_OPENSAR_DVD_5013,S1B_IW_SLC__1SDV_20200719T055553_20200719T055620_022536_02AC5E_ABAE,DV,3,5.0,208.9514,1,Ship_1,88.88537745,True,HIGH,9999.99
train,DB_OPENSAR_VD_5014.xml,DB_OPENSAR_DVD_5014,S1B_IW_SLC__1SDV_20200719T055553_20200719T055620_022536_02AC5E_ABAE,DV,3,4.6,203.826,1,Ship_1,128.9192276,True,HIGH,9999.99
train,DB_OPENSAR_VD_5015.xml,DB_OPENSAR_DVD_5015,S1B_IW_SLC__1SDV_20200719T055553_20200719T055620_022536_02AC5E_ABAE,DV,3,4.7,208.8133,1,Ship_1,61.54,True,HIGH,9999.99
train,DB_OPENSAR_VD_5016.xml,DB_OPENSAR_DVD_5016,S1B_IW_SLC__1SDV_20200719T055553_20200719T055620_022536_02AC5E_ABAE,DV,3,5.7,198.7854,1,Ship_1,159.65,True,HIGH,9999.99
train,DB_OPENSAR_VD_5017.xml,DB_OPENSAR_DVD_5017,S1B_IW_SLC__1SDV_20200719T055553_20200719T055620_022536_02AC5E_ABAE,DV,3,3.8,207.7887,1,Ship_1,54.6,True,HIGH,9999.99
train,DB_OPENSAR_VD_5018.xml,DB_OPENSAR_DVD_5018,S1B_IW_SLC__1SDV_20200719T055553_20200719T055620_022536_02AC5E_ABAE,DV,3,5.0,202.7611,1,Ship_1,142.5680764,True,HIGH,9999.99
train,DB_OPENSAR_VD_5019.xml,DB_OPENSAR_DVD_5019,S1B_IW_SLC__1SDV_20200719T055553_20200719T055620_022536_02AC5E_ABAE,DV,3,3.3,204.7641,1,Ship_1,56.0,True,HIGH,9999.99
train,DB_OPENSAR_VD_5020.xml,DB_OPENSAR_DVD_5020,S1B_IW_SLC__1SDV_20200719T055553_20200719T055620_022536_02AC5E_ABAE,DV,3,4.2,209.7501,1,Ship_1,70.3,True,HIGH,9999.99
train,DB_OPENSAR_VD_5021.xml,DB_OPENSAR_DVD_5021,S1B_IW_SLC__1SDV_20200719T055553_20200719T055620_022536_02AC5E_ABAE,DV,3,6.5,210.648,1,Ship_1,255.6025114,True,HIGH,9999.99
test,DB_OPENSAR_VD_5284.xml,DB_OPENSAR_DVD_5284,S1A_IW_SLC__1SDV_20200214T174430_20200214T174457_031252_03982E_1D44,DV,1,4.1,188.3022,1,Ship_1,32.2434685,True,MEDIUM,9999.99
test,DB_OPENSAR_VD_5294.xml,DB_OPENSAR_DVD_5294,S1A_IW_SLC__1SDV_20200214T174430_20200214T174457_031252_03982E_1D44,DV,1,1.9,204.2594,2,Ship_1,206.2824934,True,HIGH,9999.99
test,DB_OPENSAR_VD_5294.xml,DB_OPENSAR_DVD_5294,S1A_IW_SLC__1SDV_20200214T174430_20200214T174457_031252_03982E_1D44,DV,1,1.9,204.2594,2,Ship_2,53.73428802,True,HIGH,9999.99
test,DB_OPENSAR_VD_5304.xml,DB_OPENSAR_DVD_5304,S1A_IW_SLC__1SDV_20200214T174430_20200214T174457_031252_03982E_1D44,DV,1,4.0,192.2756,2,Ship_1,61.68383787,True,HIGH,9999.99
test,DB_OPENSAR_VD_5304.xml,DB_OPENSAR_DVD_5304,S1A_IW_SLC__1SDV_20200214T174430_20200214T174457_031252_03982E_1D44,DV,1,4.0,192.2756,2,Ship_2,41.72097462,True,HIGH,9999.99
test,DB_OPENSAR_VD_5316.xml,DB_OPENSAR_DVD_5316,S1A_IW_SLC__1SDV_20200214T174430_20200214T174457_031252_03982E_1D44,DV,1,4.3,198.2724,5,Ship_1,,True,LOW,9999.99
test,DB_OPENSAR_VD_5316.xml,DB_OPENSAR_DVD_5316,S1A_IW_SLC__1SDV_20200214T174430_20200214T174457_031252_03982E_1D44,DV,1,4.3,198.2724,5,Ship_2,,False,HIGH,9999.99
test,DB_OPENSAR_VD_5316.xml,DB_OPENSAR_DVD_5316,S1A_IW_SLC__1SDV_20200214T174430_20200214T174457_031252_03982E_1D44,DV,1,4.3,198.2724,5,Ship_3,35.39813931,True,HIGH,9999.99
test,DB_OPENSAR_VD_5316.xml,DB_OPENSAR_DVD_5316,S1A_IW_SLC__1SDV_20200214T174430_20200214T174457_031252_03982E_1D44,DV,1,4.3,198.2724,5,Ship_4,36.43585532,False,HIGH,9999.99
test,DB_OPENSAR_VD_5316.xml,DB_OPENSAR_DVD_5316,S1A_IW_SLC__1SDV_20200214T174430_20200214T174457_031252_03982E_1D44,DV,1,4.3,198.2724,5,Ship_5,77.84068101,True,HIGH,9999.99
test,DB_OPENSAR_VD_5320.xml,DB_OPENSAR_DVD_5320,S1A_IW_SLC__1SDV_20200214T174430_20200214T174457_031252_03982E_1D44,DV,1,4.7,193.2734,1,Ship_1,75.60344179,True,HIGH,9999.99
test,DB_OPENSAR_VD_5345.xml,DB_OPENSAR_DVD_5345,S1A_IW_SLC__1SDV_20200214T174430_20200214T174457_031252_03982E_1D44,DV,2,3.5,211.264,2,Ship_1,,True,MEDIUM,9999.99
test,DB_OPENSAR_VD_5345.xml,DB_OPENSAR_DVD_5345,S1A_IW_SLC__1SDV_20200214T174430_20200214T174457_031252_03982E_1D44,DV,2,3.5,211.264,2,Ship_2,,False,HIGH,9999.99
test,DB_OPENSAR_VD_5358.xml,DB_OPENSAR_DVD_5358,S1A_IW_SLC__1SDV_20200214T174430_20200214T174457_031252_03982E_1D44,DV,2,3.5,200.2814,2,Ship_1,53.2890241,True,HIGH,9999.99
test,DB_OPENSAR_VD_5358.xml,DB_OPENSAR_DVD_5358,S1A_IW_SLC__1SDV_20200214T174430_20200214T174457_031252_03982E_1D44,DV,2,3.5,200.2814,2,Ship_2,215.5983123,True,HIGH,9999.99
test,DB_OPENSAR_VD_5361.xml,DB_OPENSAR_DVD_5361,S1A_IW_SLC__1SDV_20200214T174430_20200214T174457_031252_03982E_1D44,DV,2,3.7,203.2819,2,Ship_1,83.48692734,True,HIGH,9999.99
test,DB_OPENSAR_VD_5361.xml,DB_OPENSAR_DVD_5361,S1A_IW_SLC__1SDV_20200214T174430_20200214T174457_031252_03982E_1D44,DV,2,3.7,203.2819,2,Ship_2,73.17978744,True,HIGH,9999.99
test,DB_OPENSAR_VD_5362.xml,DB_OPENSAR_DVD_5362,S1A_IW_SLC__1SDV_20200214T174430_20200214T174457_031252_03982E_1D44,DV,2,3.6,203.278,1,Ship_1,84.72765999,True,MEDIUM,9999.99
test,DB_OPENSAR_VD_5383.xml,DB_OPENSAR_DVD_5383,S1A_IW_SLC__1SDV_20200214T174430_20200214T174457_031252_03982E_1D44,DV,2,3.7,203.2552,3,Ship_1,,False,HIGH,9999.99
test,DB_OPENSAR_VD_5383.xml,DB_OPENSAR_DVD_5383,S1A_IW_SLC__1SDV_20200214T174430_20200214T174457_031252_03982E_1D44,DV,2,3.7,203.2552,3,Ship_2,,False,HIGH,9999.99
test,DB_OPENSAR_VD_5383.xml,DB_OPENSAR_DVD_5383,S1A_IW_SLC__1SDV_20200214T174430_20200214T174457_031252_03982E_1D44,DV,2,3.7,203.2552,3,Ship_3,43.87020032,True,HIGH,9999.99
test,DB_OPENSAR_VD_5423.xml,DB_OPENSAR_DVD_5423,S1A_IW_SLC__1SDV_20200214T174430_20200214T174457_031252_03982E_1D44,DV,3,2.7,193.2415,5,Ship_1,,False,HIGH,9999.99
test,DB_OPENSAR_VD_5423.xml,DB_OPENSAR_DVD_5423,S1A_IW_SLC__1SDV_20200214T174430_20200214T174457_031252_03982E_1D44,DV,3,2.7,193.2415,5,Ship_2,,False,HIGH,9999.99
test,DB_OPENSAR_VD_5423.xml,DB_OPENSAR_DVD_5423,S1A_IW_SLC__1SDV_20200214T174430_20200214T174457_031252_03982E_1D44,DV,3,2.7,193.2415,5,Ship_3,,False,HIGH,9999.99
test,DB_OPENSAR_VD_5423.xml,DB_OPENSAR_DVD_5423,S1A_IW_SLC__1SDV_20200214T174430_20200214T174457_031252_03982E_1D44,DV,3,2.7,193.2415,5,Ship_4,,False,HIGH,9999.99
test,DB_OPENSAR_VD_5423.xml,DB_OPENSAR_DVD_5423,S1A_IW_SLC__1SDV_20200214T174430_20200214T174457_031252_03982E_1D44,DV,3,2.7,193.2415,5,Ship_5,,True,HIGH,9999.99
test,DB_OPENSAR_VD_5441.xml,DB_OPENSAR_DVD_5441,S1A_IW_SLC__1SDV_20200214T174430_20200214T174457_031252_03982E_1D44,DV,3,2.0,192.2467,3,Ship_1,63.58207886,True,HIGH,9999.99
test,DB_OPENSAR_VD_5441.xml,DB_OPENSAR_DVD_5441,S1A_IW_SLC__1SDV_20200214T174430_20200214T174457_031252_03982E_1D44,DV,3,2.0,192.2467,3,Ship_2,50.09763911,False,HIGH,9999.99
test,DB_OPENSAR_VD_5441.xml,DB_OPENSAR_DVD_5441,S1A_IW_SLC__1SDV_20200214T174430_20200214T174457_031252_03982E_1D44,DV,3,2.0,192.2467,3,Ship_3,35.45364003,False,HIGH,9999.99
test,DB_OPENSAR_VD_5458.xml,DB_OPENSAR_DVD_5458,S1A_IW_SLC__1SDV_20200214T174430_20200214T174457_031252_03982E_1D44,DV,3,4.2,197.3107,1,Ship_1,131.4835518,True,HIGH,5.47482
test,DB_OPENSAR_VD_5463.xml,DB_OPENSAR_DVD_5463,S1A_IW_SLC__1SDV_20200214T174430_20200214T174457_031252_03982E_1D44,DV,3,3.3,192.2566,1,Ship_1,59.00918998,True,HIGH,9999.99
test,DB_OPENSAR_VD_5494.xml,DB_OPENSAR_DVD_5494,S1A_IW_SLC__1SDV_20200214T174430_20200214T174457_031252_03982E_1D44,DV,3,3.7,190.2376,3,Ship_1,,False,HIGH,9999.99
test,DB_OPENSAR_VD_5494.xml,DB_OPENSAR_DVD_5494,S1A_IW_SLC__1SDV_20200214T174430_20200214T174457_031252_03982E_1D44,DV,3,3.7,190.2376,3,Ship_2,,True,MEDIUM,9999.99
test,DB_OPENSAR_VD_5494.xml,DB_OPENSAR_DVD_5494,S1A_IW_SLC__1SDV_20200214T174430_20200214T174457_031252_03982E_1D44,DV,3,3.7,190.2376,3,Ship_3,34.73114993,True,HIGH,9999.99
test,DB_OPENSAR_VD_55.xml,DB_OPENSAR_DVD_55,S1A_IW_SLC__1SDV_20200126T052956_20200126T053026_030967_038E50_4681,DV,1,3.9,43.6063,3,Ship_1,,False,HIGH,3.3187
test,DB_OPENSAR_VD_55.xml,DB_OPENSAR_DVD_55,S1A_IW_SLC__1SDV_20200126T052956_20200126T053026_030967_038E50_4681,DV,1,3.9,43.6063,3,Ship_2,,True,LOW,3.47581
test,DB_OPENSAR_VD_55.xml,DB_OPENSAR_DVD_55,S1A_IW_SLC__1SDV_20200126T052956_20200126T053026_030967_038E50_4681,DV,1,3.9,43.6063,3,Ship_3,30.37863292,True,HIGH,4.99116
test,DB_OPENSAR_VD_5726.xml,DB_OPENSAR_DVD_5726,S1A_IW_SLC__1SDV_20200214T174430_20200214T174457_031252_03982E_1D44,DV,3,2.1,191.2594,1,Ship_1,46.44413896,True,HIGH,9999.99
test,DB_OPENSAR_VD_5750.xml,DB_OPENSAR_DVD_5750,S1A_IW_SLC__1SDV_20200214T174430_20200214T174457_031252_03982E_1D44,DV,3,2.9,194.2592,2,Ship_1,,False,HIGH,9999.99
test,DB_OPENSAR_VD_5750.xml,DB_OPENSAR_DVD_5750,S1A_IW_SLC__1SDV_20200214T174430_20200214T174457_031252_03982E_1D44,DV,3,2.9,194.2592,2,Ship_2,51.51018346,True,HIGH,9999.99
train,DB_OPENSAR_VD_5758.xml,DB_OPENSAR_DVD_5758,S1A_IW_SLC__1SDV_20200421T050338_20200421T050406_032221_03BA14_7DD2,DV,1,3.4,109.6889,1,Ship_1,87.25059137,True,HIGH,9999.99
train,DB_OPENSAR_VD_5772.xml,DB_OPENSAR_DVD_5772,S1A_IW_SLC__1SDV_20200421T050338_20200421T050406_032221_03BA14_7DD2,DV,1,6.4,119.1167,1,Ship_1,100.0,True,HIGH,9999.99
train,DB_OPENSAR_VD_5789.xml,DB_OPENSAR_DVD_5789,S1A_IW_SLC__1SDV_20200421T050338_20200421T050406_032221_03BA14_7DD2,DV,1,6.8,112.9784,1,Ship_1,98.11561707,True,HIGH,6.51702
train,DB_OPENSAR_VD_5798.xml,DB_OPENSAR_DVD_5798,S1A_IW_SLC__1SDV_20200421T050338_20200421T050406_032221_03BA14_7DD2,DV,2,7.9,111.321,1,Ship_1,82.36626058,True,HIGH,9999.99
train,DB_OPENSAR_VD_5808.xml,DB_OPENSAR_DVD_5808,S1A_IW_SLC__1SDV_20200421T050338_20200421T050406_032221_03BA14_7DD2,DV,2,7.9,102.2076,1,Ship_1,107.2529146,True,HIGH,9999.99
train,DB_OPENSAR_VD_5870.xml,DB_OPENSAR_DVD_5870,S1A_IW_SLC__1SDV_20200421T050338_20200421T050406_032221_03BA14_7DD2,DV,3,8.0,87.6571,2,Ship_1,94.63824049,True,HIGH,3.25007
train,DB_OPENSAR_VD_5870.xml,DB_OPENSAR_DVD_5870,S1A_IW_SLC__1SDV_20200421T050338_20200421T050406_032221_03BA14_7DD2,DV,3,8.0,87.6571,2,Ship_2,108.3,True,HIGH,2.44913
train,DB_OPENSAR_VD_606.xml,DB_OPENSAR_DVD_606,S1A_IW_SLC__1SDV_20200630T053000_20200630T053030_033242_03D9F7_9D63,DV,1,5.6,226.6775,2,Ship_1,41.53181885,True,HIGH,9999.99
train,DB_OPENSAR_VD_606.xml,DB_OPENSAR_DVD_606,S1A_IW_SLC__1SDV_20200630T053000_20200630T053030_033242_03D9F7_9D63,DV,1,5.6,226.6775,2,Ship_2,73.22528259,True,HIGH,9999.99
train,DB_OPENSAR_VD_613.xml,DB_OPENSAR_DVD_613,S1A_IW_SLC__1SDV_20200630T053000_20200630T053030_033242_03D9F7_9D63,DV,1,5.5,222.6748,2,Ship_1,120.2359004,True,HIGH,9999.99
train,DB_OPENSAR_VD_613.xml,DB_OPENSAR_DVD_613,S1A_IW_SLC__1SDV_20200630T053000_20200630T053030_033242_03D9F7_9D63,DV,1,5.5,222.6748,2,Ship_2,79.11164993,True,HIGH,9999.99
train,DB_OPENSAR_VD_692.xml,DB_OPENSAR_DVD_692,S1A_IW_SLC__1SDV_20200630T053000_20200630T053030_033242_03D9F7_9D63,DV,1,6.2,227.6548,1,Ship_1,104.897121,True,HIGH,9999.99
train,DB_OPENSAR_VD_699.xml,DB_OPENSAR_DVD_699,S1A_IW_SLC__1SDV_20200630T053000_20200630T053030_033242_03D9F7_9D63,DV,1,5.5,219.6672,1,Ship_1,187.031418,True,HIGH,9999.99
train,DB_OPENSAR_VD_705.xml,DB_OPENSAR_DVD_705,S1A_IW_SLC__1SDV_20200630T053000_20200630T053030_033242_03D9F7_9D63,DV,1,5.6,245.5664,2,Ship_1,91.30999194,True,HIGH,9999.99
train,DB_OPENSAR_VD_705.xml,DB_OPENSAR_DVD_705,S1A_IW_SLC__1SDV_20200630T053000_20200630T053030_033242_03D9F7_9D63,DV,1,5.6,245.5664,2,Ship_2,61.08989519,True,HIGH,9999.99
train,DB_OPENSAR_VD_720.xml,DB_OPENSAR_DVD_720,S1A_IW_SLC__1SDV_20200630T053000_20200630T053030_033242_03D9F7_9D63,DV,1,5.6,224.6489,3,Ship_1,84.19084382,True,HIGH,9999.99
train,DB_OPENSAR_VD_720.xml,DB_OPENSAR_DVD_720,S1A_IW_SLC__1SDV_20200630T053000_20200630T053030_033242_03D9F7_9D63,DV,1,5.6,224.6489,3,Ship_2,81.08647128,True,HIGH,9999.99
train,DB_OPENSAR_VD_720.xml,DB_OPENSAR_DVD_720,S1A_IW_SLC__1SDV_20200630T053000_20200630T053030_033242_03D9F7_9D63,DV,1,5.6,224.6489,3,Ship_3,,True,HIGH,9999.99
train,DB_OPENSAR_VD_723.xml,DB_OPENSAR_DVD_723,S1A_IW_SLC__1SDV_20200630T053000_20200630T053030_033242_03D9F7_9D63,DV,2,6.0,223.6519,1,Ship_1,108.9343056,True,HIGH,9999.99
train,DB_OPENSAR_VD_729.xml,DB_OPENSAR_DVD_729,S1A_IW_SLC__1SDV_20200630T053000_20200630T053030_033242_03D9F7_9D63,DV,2,6.0,257.4649,2,Ship_1,41.81685783,True,HIGH,2.65983
train,DB_OPENSAR_VD_729.xml,DB_OPENSAR_DVD_729,S1A_IW_SLC__1SDV_20200630T053000_20200630T053030_033242_03D9F7_9D63,DV,2,6.0,257.4649,2,Ship_2,79.22458298,True,HIGH,4.12485
train,DB_OPENSAR_VD_733.xml,DB_OPENSAR_DVD_733,S1A_IW_SLC__1SDV_20200630T053000_20200630T053030_033242_03D9F7_9D63,DV,2,6.3,260.4571,1,Ship_1,55.41139522,True,HIGH,5.06391
train,DB_OPENSAR_VD_759.xml,DB_OPENSAR_DVD_759,S1A_IW_SLC__1SDV_20200630T053000_20200630T053030_033242_03D9F7_9D63,DV,2,7.1,258.4402,2,Ship_1,,True,LOW,6.77845
train,DB_OPENSAR_VD_759.xml,DB_OPENSAR_DVD_759,S1A_IW_SLC__1SDV_20200630T053000_20200630T053030_033242_03D9F7_9D63,DV,2,7.1,258.4402,2,Ship_2,32.29112229,True,HIGH,6.83186
train,DB_OPENSAR_VD_765.xml,DB_OPENSAR_DVD_765,S1A_IW_SLC__1SDV_20200630T053000_20200630T053030_033242_03D9F7_9D63,DV,3,5.5,255.4211,1,Ship_1,35.55232016,True,HIGH,4.87774
train,DB_OPENSAR_VD_769.xml,DB_OPENSAR_DVD_769,S1A_IW_SLC__1SDV_20200630T053000_20200630T053030_033242_03D9F7_9D63,DV,3,4.8,254.4185,3,Ship_1,,True,MEDIUM,5.25311
train,DB_OPENSAR_VD_769.xml,DB_OPENSAR_DVD_769,S1A_IW_SLC__1SDV_20200630T053000_20200630T053030_033242_03D9F7_9D63,DV,3,4.8,254.4185,3,Ship_2,,True,MEDIUM,6.04339
train,DB_OPENSAR_VD_769.xml,DB_OPENSAR_DVD_769,S1A_IW_SLC__1SDV_20200630T053000_20200630T053030_033242_03D9F7_9D63,DV,3,4.8,254.4185,3,Ship_3,97.99,True,HIGH,6.55031
train,DB_OPENSAR_VD_786.xml,DB_OPENSAR_DVD_786,S1A_IW_SLC__1SDV_20200630T053000_20200630T053030_033242_03D9F7_9D63,DV,3,15.4,271.428,2,Ship_1,185.3761613,True,HIGH,9999.99
train,DB_OPENSAR_VD_786.xml,DB_OPENSAR_DVD_786,S1A_IW_SLC__1SDV_20200630T053000_20200630T053030_033242_03D9F7_9D63,DV,3,15.4,271.428,2,Ship_2,83.73836994,True,HIGH,9.2265
train,DB_OPENSAR_VD_787.xml,DB_OPENSAR_DVD_787,S1A_IW_SLC__1SDV_20200630T053000_20200630T053030_033242_03D9F7_9D63,DV,3,8.3,258.4372,1,Ship_1,205.1682784,True,HIGH,9999.99
test,DB_OPENSAR_VD_8.xml,DB_OPENSAR_DVD_8,S1A_IW_SLC__1SDV_20200126T052956_20200126T053026_030967_038E50_4681,DV,1,1.9,85.6655,22,Ship_1,,True,MEDIUM,9.82425
test,DB_OPENSAR_VD_8.xml,DB_OPENSAR_DVD_8,S1A_IW_SLC__1SDV_20200126T052956_20200126T053026_030967_038E50_4681,DV,1,1.9,85.6655,22,Ship_2,,False,HIGH,9.32887
test,DB_OPENSAR_VD_8.xml,DB_OPENSAR_DVD_8,S1A_IW_SLC__1SDV_20200126T052956_20200126T053026_030967_038E50_4681,DV,1,1.9,85.6655,22,Ship_3,,False,HIGH,8.41803
test,DB_OPENSAR_VD_8.xml,DB_OPENSAR_DVD_8,S1A_IW_SLC__1SDV_20200126T052956_20200126T053026_030967_038E50_4681,DV,1,1.9,85.6655,22,Ship_4,,False,HIGH,9999.99
test,DB_OPENSAR_VD_8.xml,DB_OPENSAR_DVD_8,S1A_IW_SLC__1SDV_20200126T052956_20200126T053026_030967_038E50_4681,DV,1,1.9,85.6655,22,Ship_5,,False,HIGH,9999.99
test,DB_OPENSAR_VD_8.xml,DB_OPENSAR_DVD_8,S1A_IW_SLC__1SDV_20200126T052956_20200126T053026_030967_038E50_4681,DV,1,1.9,85.6655,22,Ship_6,,False,HIGH,9.5711
test,DB_OPENSAR_VD_8.xml,DB_OPENSAR_DVD_8,S1A_IW_SLC__1SDV_20200126T052956_20200126T053026_030967_038E50_4681,DV,1,1.9,85.6655,22,Ship_7,,False,HIGH,9.99977
test,DB_OPENSAR_VD_8.xml,DB_OPENSAR_DVD_8,S1A_IW_SLC__1SDV_20200126T052956_20200126T053026_030967_038E50_4681,DV,1,1.9,85.6655,22,Ship_8,,False,HIGH,8.43242
test,DB_OPENSAR_VD_8.xml,DB_OPENSAR_DVD_8,S1A_IW_SLC__1SDV_20200126T052956_20200126T053026_030967_038E50_4681,DV,1,1.9,85.6655,22,Ship_9,,False,HIGH,8.44217
test,DB_OPENSAR_VD_8.xml,DB_OPENSAR_DVD_8,S1A_IW_SLC__1SDV_20200126T052956_20200126T053026_030967_038E50_4681,DV,1,1.9,85.6655,22,Ship_10,,False,HIGH,9.14834
test,DB_OPENSAR_VD_8.xml,DB_OPENSAR_DVD_8,S1A_IW_SLC__1SDV_20200126T052956_20200126T053026_030967_038E50_4681,DV,1,1.9,85.6655,22,Ship_11,,False,HIGH,9.72767
test,DB_OPENSAR_VD_8.xml,DB_OPENSAR_DVD_8,S1A_IW_SLC__1SDV_20200126T052956_20200126T053026_030967_038E50_4681,DV,1,1.9,85.6655,22,Ship_12,,False,HIGH,9.59177
test,DB_OPENSAR_VD_8.xml,DB_OPENSAR_DVD_8,S1A_IW_SLC__1SDV_20200126T052956_20200126T053026_030967_038E50_4681,DV,1,1.9,85.6655,22,Ship_13,,False,HIGH,8.67244
test,DB_OPENSAR_VD_8.xml,DB_OPENSAR_DVD_8,S1A_IW_SLC__1SDV_20200126T052956_20200126T053026_030967_038E50_4681,DV,1,1.9,85.6655,22,Ship_14,,False,HIGH,9.02145
test,DB_OPENSAR_VD_8.xml,DB_OPENSAR_DVD_8,S1A_IW_SLC__1SDV_20200126T052956_20200126T053026_030967_038E50_4681,DV,1,1.9,85.6655,22,Ship_15,,False,HIGH,9.97708
test,DB_OPENSAR_VD_8.xml,DB_OPENSAR_DVD_8,S1A_IW_SLC__1SDV_20200126T052956_20200126T053026_030967_038E50_4681,DV,1,1.9,85.6655,22,Ship_16,34.36702772,True,HIGH,8.32233
test,DB_OPENSAR_VD_8.xml,DB_OPENSAR_DVD_8,S1A_IW_SLC__1SDV_20200126T052956_20200126T053026_030967_038E50_4681,DV,1,1.9,85.6655,22,Ship_17,57.05192941,False,HIGH,8.7175
test,DB_OPENSAR_VD_8.xml,DB_OPENSAR_DVD_8,S1A_IW_SLC__1SDV_20200126T052956_20200126T053026_030967_038E50_4681,DV,1,1.9,85.6655,22,Ship_18,68.3526223,False,HIGH,9.26947
test,DB_OPENSAR_VD_8.xml,DB_OPENSAR_DVD_8,S1A_IW_SLC__1SDV_20200126T052956_20200126T053026_030967_038E50_4681,DV,1,1.9,85.6655,22,Ship_19,56.15438323,True,HIGH,9.58535
test,DB_OPENSAR_VD_8.xml,DB_OPENSAR_DVD_8,S1A_IW_SLC__1SDV_20200126T052956_20200126T053026_030967_038E50_4681,DV,1,1.9,85.6655,22,Ship_20,42.99682753,False,HIGH,8.57629
test,DB_OPENSAR_VD_8.xml,DB_OPENSAR_DVD_8,S1A_IW_SLC__1SDV_20200126T052956_20200126T053026_030967_038E50_4681,DV,1,1.9,85.6655,22,Ship_21,32.46528711,True,HIGH,9.55638
test,DB_OPENSAR_VD_8.xml,DB_OPENSAR_DVD_8,S1A_IW_SLC__1SDV_20200126T052956_20200126T053026_030967_038E50_4681,DV,1,1.9,85.6655,22,Ship_22,39.93852333,False,HIGH,9999.99
train,DB_OPENSAR_VD_807.xml,DB_OPENSAR_DVD_807,S1A_IW_SLC__1SDV_20200630T053000_20200630T053030_033242_03D9F7_9D63,DV,3,13.8,270.4174,1,Ship_1,166.9203914,True,HIGH,9999.99
test,DB_OPENSAR_VD_81.xml,DB_OPENSAR_DVD_81,S1A_IW_SLC__1SDV_20200126T052956_20200126T053026_030967_038E50_4681,DV,1,4.1,51.6009,1,Ship_1,28.71676145,True,HIGH,9999.99
train,DB_OPENSAR_VD_810.xml,DB_OPENSAR_DVD_810,S1A_IW_SLC__1SDV_20200630T053000_20200630T053030_033242_03D9F7_9D63,DV,3,13.1,271.4157,4,Ship_1,,True,LOW,9999.99
train,DB_OPENSAR_VD_810.xml,DB_OPENSAR_DVD_810,S1A_IW_SLC__1SDV_20200630T053000_20200630T053030_033242_03D9F7_9D63,DV,3,13.1,271.4157,4,Ship_2,78.14723305,True,HIGH,9999.99
train,DB_OPENSAR_VD_810.xml,DB_OPENSAR_DVD_810,S1A_IW_SLC__1SDV_20200630T053000_20200630T053030_033242_03D9F7_9D63,DV,3,13.1,271.4157,4,Ship_3,149.8005028,True,HIGH,9999.99
train,DB_OPENSAR_VD_810.xml,DB_OPENSAR_DVD_810,S1A_IW_SLC__1SDV_20200630T053000_20200630T053030_033242_03D9F7_9D63,DV,3,13.1,271.4157,4,Ship_4,164.6378251,True,HIGH,9999.99
train,DB_OPENSAR_VD_811.xml,DB_OPENSAR_DVD_811,S1A_IW_SLC__1SDV_20200630T053000_20200630T053030_033242_03D9F7_9D63,DV,3,5.5,254.4248,1,Ship_1,169.2913531,True,HIGH,9999.99
train,DB_OPENSAR_VD_814.xml,DB_OPENSAR_DVD_814,S1A_IW_SLC__1SDV_20200630T053000_20200630T053030_033242_03D9F7_9D63,DV,3,7.7,263.4139,7,Ship_1,,True,LOW,9999.99
train,DB_OPENSAR_VD_814.xml,DB_OPENSAR_DVD_814,S1A_IW_SLC__1SDV_20200630T053000_20200630T053030_033242_03D9F7_9D63,DV,3,7.7,263.4139,7,Ship_2,,True,MEDIUM,9.21684
train,DB_OPENSAR_VD_814.xml,DB_OPENSAR_DVD_814,S1A_IW_SLC__1SDV_20200630T053000_20200630T053030_033242_03D9F7_9D63,DV,3,7.7,263.4139,7,Ship_3,155.8588785,True,HIGH,9999.99
train,DB_OPENSAR_VD_814.xml,DB_OPENSAR_DVD_814,S1A_IW_SLC__1SDV_20200630T053000_20200630T053030_033242_03D9F7_9D63,DV,3,7.7,263.4139,7,Ship_4,160.9521365,True,HIGH,9999.99
train,DB_OPENSAR_VD_814.xml,DB_OPENSAR_DVD_814,S1A_IW_SLC__1SDV_20200630T053000_20200630T053030_033242_03D9F7_9D63,DV,3,7.7,263.4139,7,Ship_5,32.56948524,True,HIGH,9999.99
train,DB_OPENSAR_VD_814.xml,DB_OPENSAR_DVD_814,S1A_IW_SLC__1SDV_20200630T053000_20200630T053030_033242_03D9F7_9D63,DV,3,7.7,263.4139,7,Ship_6,29.82529778,True,HIGH,9999.99
train,DB_OPENSAR_VD_814.xml,DB_OPENSAR_DVD_814,S1A_IW_SLC__1SDV_20200630T053000_20200630T053030_033242_03D9F7_9D63,DV,3,7.7,263.4139,7,Ship_7,185.6340693,True,HIGH,9.23965
train,DB_OPENSAR_VD_815.xml,DB_OPENSAR_DVD_815,S1A_IW_SLC__1SDV_20200630T053000_20200630T053030_033242_03D9F7_9D63,DV,3,5.3,253.423,2,Ship_1,,True,LOW,9999.99
train,DB_OPENSAR_VD_815.xml,DB_OPENSAR_DVD_815,S1A_IW_SLC__1SDV_20200630T053000_20200630T053030_033242_03D9F7_9D63,DV,3,5.3,253.423,2,Ship_2,176.3538561,True,HIGH,9999.99
train,DB_OPENSAR_VD_817.xml,DB_OPENSAR_DVD_817,S1A_IW_SLC__1SDV_20200630T053000_20200630T053030_033242_03D9F7_9D63,DV,3,6.6,261.4131,4,Ship_1,,False,HIGH,6.4668
train,DB_OPENSAR_VD_817.xml,DB_OPENSAR_DVD_817,S1A_IW_SLC__1SDV_20200630T053000_20200630T053030_033242_03D9F7_9D63,DV,3,6.6,261.4131,4,Ship_2,183.4322086,True,HIGH,9.87684
train,DB_OPENSAR_VD_817.xml,DB_OPENSAR_DVD_817,S1A_IW_SLC__1SDV_20200630T053000_20200630T053030_033242_03D9F7_9D63,DV,3,6.6,261.4131,4,Ship_3,183.21,True,HIGH,9999.99
train,DB_OPENSAR_VD_817.xml,DB_OPENSAR_DVD_817,S1A_IW_SLC__1SDV_20200630T053000_20200630T053030_033242_03D9F7_9D63,DV,3,6.6,261.4131,4,Ship_4,175.3683777,True,HIGH,8.22386
train,DB_OPENSAR_VD_818.xml,DB_OPENSAR_DVD_818,S1A_IW_SLC__1SDV_20200630T053000_20200630T053030_033242_03D9F7_9D63,DV,3,5.6,254.4221,2,Ship_1,164.6612914,True,HIGH,9999.99
train,DB_OPENSAR_VD_818.xml,DB_OPENSAR_DVD_818,S1A_IW_SLC__1SDV_20200630T053000_20200630T053030_033242_03D9F7_9D63,DV,3,5.6,254.4221,2,Ship_2,195.8370326,True,HIGH,9999.99
train,DB_OPENSAR_VD_820.xml,DB_OPENSAR_DVD_820,S1A_IW_SLC__1SDV_20200630T053000_20200630T053030_033242_03D9F7_9D63,DV,3,3.9,253.4113,3,Ship_1,116.5049143,True,HIGH,9999.99
train,DB_OPENSAR_VD_820.xml,DB_OPENSAR_DVD_820,S1A_IW_SLC__1SDV_20200630T053000_20200630T053030_033242_03D9F7_9D63,DV,3,3.9,253.4113,3,Ship_2,182.985432,True,HIGH,8.45773
train,DB_OPENSAR_VD_820.xml,DB_OPENSAR_DVD_820,S1A_IW_SLC__1SDV_20200630T053000_20200630T053030_033242_03D9F7_9D63,DV,3,3.9,253.4113,3,Ship_3,196.9880722,True,HIGH,9.95303
train,DB_OPENSAR_VD_821.xml,DB_OPENSAR_DVD_821,S1A_IW_SLC__1SDV_20200630T053000_20200630T053030_033242_03D9F7_9D63,DV,3,5.9,257.4204,2,Ship_1,185.6870662,True,HIGH,9999.99
train,DB_OPENSAR_VD_821.xml,DB_OPENSAR_DVD_821,S1A_IW_SLC__1SDV_20200630T053000_20200630T053030_033242_03D9F7_9D63,DV,3,5.9,257.4204,2,Ship_2,164.1129348,True,HIGH,9999.99
train,DB_OPENSAR_VD_823.xml,DB_OPENSAR_DVD_823,S1A_IW_SLC__1SDV_20200630T053000_20200630T053030_033242_03D9F7_9D63,DV,3,4.4,254.4095,2,Ship_1,178.5379064,True,HIGH,8.43288
train,DB_OPENSAR_VD_823.xml,DB_OPENSAR_DVD_823,S1A_IW_SLC__1SDV_20200630T053000_20200630T053030_033242_03D9F7_9D63,DV,3,4.4,254.4095,2,Ship_2,178.8093463,True,HIGH,9999.99
train,DB_OPENSAR_VD_824.xml,DB_OPENSAR_DVD_824,S1A_IW_SLC__1SDV_20200630T053000_20200630T053030_033242_03D9F7_9D63,DV,3,6.4,257.4186,3,Ship_1,173.8836461,True,HIGH,9999.99
train,DB_OPENSAR_VD_824.xml,DB_OPENSAR_DVD_824,S1A_IW_SLC__1SDV_20200630T053000_20200630T053030_033242_03D9F7_9D63,DV,3,6.4,257.4186,3,Ship_2,174.2739882,True,HIGH,9999.99
train,DB_OPENSAR_VD_824.xml,DB_OPENSAR_DVD_824,S1A_IW_SLC__1SDV_20200630T053000_20200630T053030_033242_03D9F7_9D63,DV,3,6.4,257.4186,3,Ship_3,195.5708642,True,HIGH,9999.99
train,DB_OPENSAR_VD_827.xml,DB_OPENSAR_DVD_827,S1A_IW_SLC__1SDV_20200630T053000_20200630T053030_033242_03D9F7_9D63,DV,3,4.3,251.4086,1,Ship_1,175.4454546,True,HIGH,8.91264
test,DB_OPENSAR_VD_83.xml,DB_OPENSAR_DVD_83,S1A_IW_SLC__1SDV_20200126T052956_20200126T053026_030967_038E50_4681,DV,1,3.7,53.5669,1,Ship_1,,True,LOW,9999.99
train,DB_OPENSAR_VD_832.xml,DB_OPENSAR_DVD_832,S1A_IW_SLC__1SDV_20200630T053000_20200630T053030_033242_03D9F7_9D63,DV,3,5.3,241.4459,1,Ship_1,156.097763,True,HIGH,9999.99
train,DB_OPENSAR_VD_834.xml,DB_OPENSAR_DVD_834,S1A_IW_SLC__1SDV_20200706T074222_20200706T074242_033331_03DC92_2526,DV,1,5.9,307.0476,1,Ship_1,,True,MEDIUM,9999.99
train,DB_OPENSAR_VD_843.xml,DB_OPENSAR_DVD_843,S1A_IW_SLC__1SDV_20200706T074222_20200706T074242_033331_03DC92_2526,DV,2,7.2,38.4882,1,Ship_1,137.2030342,True,HIGH,9999.99
train,DB_OPENSAR_VD_845.xml,DB_OPENSAR_DVD_845,S1A_IW_SLC__1SDV_20200706T074222_20200706T074242_033331_03DC92_2526,DV,2,4.4,111.2427,1,Ship_1,120.8174929,True,HIGH,9999.99
train,DB_OPENSAR_VD_854.xml,DB_OPENSAR_DVD_854,S1A_IW_SLC__1SDV_20200706T074222_20200706T074242_033331_03DC92_2526,DV,2,5.5,280.9135,2,Ship_1,,True,MEDIUM,9999.99
train,DB_OPENSAR_VD_854.xml,DB_OPENSAR_DVD_854,S1A_IW_SLC__1SDV_20200706T074222_20200706T074242_033331_03DC92_2526,DV,2,5.5,280.9135,2,Ship_2,161.5750647,True,HIGH,9999.99
train,DB_OPENSAR_VD_867.xml,DB_OPENSAR_DVD_867,S1A_IW_SLC__1SDV_20200706T074222_20200706T074242_033331_03DC92_2526,DV,3,5.2,49.9639,1,Ship_1,66.74,True,HIGH,2.98272
train,DB_OPENSAR_VD_875.xml,DB_OPENSAR_DVD_875,S1A_IW_SLC__1SDV_20200706T074222_20200706T074242_033331_03DC92_2526,DV,3,,,1,Ship_1,,True,MEDIUM,5.00762
train,DB_OPENSAR_VD_893.xml,DB_OPENSAR_DVD_893,S1A_IW_SLC__1SDV_20200724T053002_20200724T053032_033592_03E4A8_F5D5,DV,1,5.3,243.6767,2,Ship_1,,True,MEDIUM,9999.99
train,DB_OPENSAR_VD_893.xml,DB_OPENSAR_DVD_893,S1A_IW_SLC__1SDV_20200724T053002_20200724T053032_033592_03E4A8_F5D5,DV,1,5.3,243.6767,2,Ship_2,90.93657726,True,HIGH,9999.99
test,DB_OPENSAR_VD_9.xml,DB_OPENSAR_DVD_9,S1A_IW_SLC__1SDV_20200126T052956_20200126T053026_030967_038E50_4681,DV,1,1.1,121.6716,3,Ship_1,102.0020209,True,HIGH,9999.99
test,DB_OPENSAR_VD_9.xml,DB_OPENSAR_DVD_9,S1A_IW_SLC__1SDV_20200126T052956_20200126T053026_030967_038E50_4681,DV,1,1.1,121.6716,3,Ship_2,168.4392565,True,HIGH,9999.99
test,DB_OPENSAR_VD_9.xml,DB_OPENSAR_DVD_9,S1A_IW_SLC__1SDV_20200126T052956_20200126T053026_030967_038E50_4681,DV,1,1.1,121.6716,3,Ship_3,142.4903512,True,HIGH,9999.99
train,DB_OPENSAR_VD_900.xml,DB_OPENSAR_DVD_900,S1A_IW_SLC__1SDV_20200724T053002_20200724T053032_033592_03E4A8_F5D5,DV,1,5.3,240.674,2,Ship_1,102.897871,True,HIGH,9999.99
train,DB_OPENSAR_VD_900.xml,DB_OPENSAR_DVD_900,S1A_IW_SLC__1SDV_20200724T053002_20200724T053032_033592_03E4A8_F5D5,DV,1,5.3,240.674,2,Ship_2,26.95480625,True,HIGH,9999.99
train,DB_OPENSAR_VD_938.xml,DB_OPENSAR_DVD_938,S1A_IW_SLC__1SDV_20200724T053002_20200724T053032_033592_03E4A8_F5D5,DV,1,5.8,249.6577,2,Ship_1,65.38565012,True,HIGH,9999.99
train,DB_OPENSAR_VD_938.xml,DB_OPENSAR_DVD_938,S1A_IW_SLC__1SDV_20200724T053002_20200724T053032_033592_03E4A8_F5D5,DV,1,5.8,249.6577,2,Ship_2,189.9558819,True,HIGH,9999.99
train,DB_OPENSAR_VD_953.xml,DB_OPENSAR_DVD_953,S1A_IW_SLC__1SDV_20200724T053002_20200724T053032_033592_03E4A8_F5D5,DV,1,5.4,249.6523,1,Ship_1,37.3480466,True,HIGH,9999.99
train,DB_OPENSAR_VD_966.xml,DB_OPENSAR_DVD_966,S1A_IW_SLC__1SDV_20200724T053002_20200724T053032_033592_03E4A8_F5D5,DV,1,7.4,251.6612,1,Ship_1,101.8235391,True,HIGH,9999.99
train,DB_OPENSAR_VD_987.xml,DB_OPENSAR_DVD_987,S1A_IW_SLC__1SDV_20200724T053002_20200724T053032_033592_03E4A8_F5D5,DV,1,6.1,235.6664,1,Ship_1,201.7386533,True,HIGH,9999.99
train,DB_OPENSAR_VD_991.xml,DB_OPENSAR_DVD_991,S1A_IW_SLC__1SDV_20200724T053002_20200724T053032_033592_03E4A8_F5D5,DV,1,3.6,225.6705,1,Ship_1,187.031418,True,HIGH,9999.99
